,Device,Qubits,sim_iter_num,Dataset,Diff_loss_HQCNN-EZ,%_loss_improve_HQCNN-EZ,Diff_loss_HQCNN-EM,%_loss_improve_HQCNN-EM,Diff_accu_HQCNN-EZ,%_accu_improve_HQCNN-EZ,Diff_accu_HQCNN-EM,%_accu_improve_HQCNN-EM
0,noiseless,4,0,Train,0.04970049858093262,9.566128601856745,0.16525349020957947,31.807249109911197,-0.5,-0.5847953216374269,0.5,0.5847953216374269
1,noiseless,4,0,Test,0.08566856384277344,18.12778938729477,0.2423515021800995,51.282486738990066,0.5,0.5434782608695652,1.5,1.6304347826086956
2,noiseless,4,1,Train,-0.01715785264968872,-2.993198622879704,0.1963660717010498,34.25618971069452,1.0,1.1904761904761905,1.5,1.7857142857142856
3,noiseless,4,1,Test,-0.019857406616210938,-3.64654342813961,0.2842116057872772,52.19160705701249,0.0,0.0,0.0,0.0
4,noiseless,4,2,Train,0.13066500425338745,26.09622053916043,0.10804897546768188,21.57938086748168,-2.5,-2.8735632183908044,-2.0,-2.2988505747126435
5,noiseless,4,2,Test,0.18143105506896973,41.37870002383697,0.16501694917678833,37.635160288515046,-2.5,-2.6455026455026456,-0.5,-0.5291005291005291
6,noiseless,4,3,Train,0.10936596989631653,22.584975693096027,0.10344487428665161,21.362220565997905,-1.0,-1.1764705882352942,-1.0,-1.1764705882352942
7,noiseless,4,3,Test,0.15362292528152466,36.60979907092176,0.1722775250673294,41.055367000677265,-1.5,-1.5957446808510638,-1.0,-1.0638297872340425
8,noiseless,4,4,Train,0.1076393723487854,20.85701980603165,0.1281558871269226,24.83245505561463,-1.0,-1.183431952662722,-1.5,-1.7751479289940828
9,noiseless,4,4,Test,0.1666957139968872,34.89735614802786,0.22429659962654114,46.9559662470097,2.0,2.185792349726776,3.0,3.278688524590164
10,noiseless,8,0,Train,0.16811886429786682,27.84583004581595,0.29970690608024597,49.64099421633878,-1.0,-1.1363636363636365,-2.0,-2.272727272727273
11,noiseless,8,0,Test,0.18275690078735352,31.228212119693655,0.3599388599395752,61.5038174749545,-0.5,-0.5434782608695652,1.0,1.0869565217391304
12,noiseless,8,1,Train,0.2885132431983948,46.695792877449094,0.28356844186782837,45.895478076670656,0.0,0.0,-0.5,-0.5813953488372093
13,noiseless,8,1,Test,0.3051019608974457,50.012237399093976,0.36402712762355804,59.67123604472411,1.0,1.1235955056179776,3.5,3.932584269662921
14,noiseless,8,2,Train,0.11993104219436646,19.144412888743968,0.28739526867866516,45.876476891937834,1.5,1.7543859649122806,-0.5,-0.5847953216374269
15,noiseless,8,2,Test,0.1347338855266571,21.628031004464706,0.37098705768585205,59.552350579967886,1.0,1.098901098901099,2.0,2.197802197802198
16,noiseless,8,3,Train,0.20377367734909058,33.44515452690449,0.29885202646255493,49.050261720485686,4.5,5.590062111801243,6.5,8.074534161490684
17,noiseless,8,3,Test,0.27087005972862244,44.83957805988773,0.345722496509552,57.23058090964507,4.5,5.056179775280898,4.0,4.49438202247191
18,noiseless,8,4,Train,0.15161770582199097,25.571040698873134,0.2598720192909241,43.82864089493913,3.5,4.117647058823529,1.0,1.1764705882352942
19,noiseless,8,4,Test,0.17829963564872742,29.803056252135818,0.3439476490020752,57.491374526383545,10.0,12.269938650306749,10.5,12.883435582822086
20,noiseless,10,0,Train,0.2275984287261963,36.558506451144076,0.23197388648986816,37.26132413655236,12.0,16.10738255033557,14.0,18.79194630872483
21,noiseless,10,0,Test,0.256596177816391,40.21816711855204,0.2681122422218323,42.02316283886031,20.0,28.57142857142857,21.5,30.714285714285715
22,noiseless,10,1,Train,0.2739694118499756,43.74165945877685,0.31283384561538696,49.94671284537799,9.5,12.101910828025478,10.5,13.375796178343949
23,noiseless,10,1,Test,0.3197815418243408,51.525304575438334,0.3535730242729187,56.97001040581727,8.0,9.523809523809524,7.5,8.928571428571429
24,noiseless,10,2,Train,0.28109413385391235,50.06330661260313,0.24100154638290405,42.92275383074804,39.0,74.28571428571429,35.0,66.66666666666666
25,noiseless,10,2,Test,0.2545148432254791,46.885005836400495,0.28670236468315125,52.814373696746756,43.0,87.75510204081633,42.5,86.73469387755102
26,noiseless,10,3,Train,0.30401143431663513,53.19895772935863,0.2132934331893921,37.324215655566725,39.5,79.7979797979798,38.0,76.76767676767676
27,noiseless,10,3,Test,0.30565373599529266,56.09115994300774,0.176791250705719,32.443334244118596,41.5,81.37254901960785,38.5,75.49019607843137
28,noiseless,10,4,Train,0.21043652296066284,33.333289273389525,0.3817337900400162,60.46689362573149,3.5,4.166666666666666,4.5,5.357142857142857
29,noiseless,10,4,Test,0.21927127242088318,34.35078090764587,0.38776084780693054,60.74616059148802,1.0,1.1494252873563218,5.0,5.747126436781609
30,FakeGuadalupeV2,4,0,Train,0.04193919897079468,7.457102923309235,0.1888233721256256,33.574206346851206,3.5,4.2682926829268295,3.5,4.2682926829268295
31,FakeGuadalupeV2,4,0,Test,0.043471455574035645,8.318282040321193,0.291092112660408,55.700603093411395,2.5,2.7472527472527473,2.5,2.7472527472527473
32,FakeGuadalupeV2,4,1,Train,-0.04324007034301758,-7.0991867105441875,0.21319961547851562,35.00327045935568,1.5,1.8181818181818181,3.5,4.242424242424243
33,FakeGuadalupeV2,4,1,Test,-0.0699205994606018,-12.173802859347674,0.27523013949394226,47.920033366389774,-3.5,-3.783783783783784,1.0,1.0810810810810811
34,FakeGuadalupeV2,4,2,Train,0.11856955289840698,21.688537276708374,0.13506200909614563,24.705308802663417,2.5,3.048780487804878,3.5,4.2682926829268295
35,FakeGuadalupeV2,4,2,Test,0.1479242742061615,30.360448727727636,0.2047579288482666,42.02516884909321,-2.0,-2.1052631578947367,-2.0,-2.1052631578947367
36,FakeGuadalupeV2,4,3,Train,0.11963939666748047,22.811572030044392,0.06821981072425842,13.007430408042264,-4.0,-4.597701149425287,-2.5,-2.8735632183908044
37,FakeGuadalupeV2,4,3,Test,0.18131300806999207,37.55960352313033,0.1310645341873169,27.150462023767574,-0.5,-0.5405405405405406,1.5,1.6216216216216217
38,FakeGuadalupeV2,4,4,Train,0.14862701296806335,26.14365157000462,0.18053436279296875,31.756188750737845,1.0,1.2048192771084338,3.0,3.614457831325301
39,FakeGuadalupeV2,4,4,Test,0.18759754300117493,34.9483380808489,0.2278561294078827,42.44828006244446,0.5,0.5434782608695652,0.0,0.0
40,FakeGuadalupeV2,8,0,Train,0.10774630308151245,16.44239060436382,0.2860648036003113,43.654298146996005,23.5,37.301587301587304,24.5,38.88888888888889
41,FakeGuadalupeV2,8,0,Test,0.12079381942749023,18.635226041485726,0.35677406191825867,55.040608212382566,23.0,34.074074074074076,24.0,35.55555555555556
42,FakeGuadalupeV2,8,1,Train,0.2511364221572876,38.29296187544692,0.2852332592010498,43.49200417195765,17.0,24.637681159420293,16.5,23.91304347826087
43,FakeGuadalupeV2,8,1,Test,0.27965855598449707,43.06671437280956,0.37439218163490295,57.65545449922593,15.0,19.607843137254903,15.5,20.26143790849673
44,FakeGuadalupeV2,8,2,Train,0.023907959461212158,3.6120508496188655,0.3092646300792694,46.72417031855935,17.0,25.757575757575758,18.5,28.030303030303028
45,FakeGuadalupeV2,8,2,Test,0.029506325721740723,4.462831449531772,0.38851428031921387,58.76278073902117,17.0,23.776223776223777,22.0,30.76923076923077
46,FakeGuadalupeV2,8,3,Train,0.2070220410823822,31.82353310908527,0.3077666759490967,47.31004945527365,18.0,26.865671641791046,18.5,27.611940298507463
47,FakeGuadalupeV2,8,3,Test,0.2683736979961395,41.166690057367404,0.38461780548095703,58.997741235458726,25.0,37.59398496240601,25.5,38.34586466165413
48,FakeGuadalupeV2,8,4,Train,0.08502334356307983,12.827958475492252,0.29072263836860657,43.8629884051921,-0.5,-0.6578947368421052,9.5,12.5
49,FakeGuadalupeV2,8,4,Test,0.0874718427658081,13.185362403531206,0.3747042417526245,56.482304081284994,-1.0,-1.4598540145985401,24.0,35.03649635036496
50,FakeGuadalupeV2,10,0,Train,0.12258684635162354,18.292405471073472,0.2789686620235443,41.62769523265368,16.0,23.88059701492537,20.0,29.850746268656714
51,FakeGuadalupeV2,10,0,Test,0.12716734409332275,18.89434407034548,0.2874159812927246,42.70385986732157,17.5,27.131782945736433,26.0,40.310077519379846
52,FakeGuadalupeV2,10,1,Train,0.24393817782402039,36.773769001696266,0.33029401302337646,49.79194255655739,21.5,32.57575757575758,22.5,34.090909090909086
53,FakeGuadalupeV2,10,1,Test,0.28664883971214294,43.92169865497849,0.36327722668647766,55.663064587188934,19.5,27.083333333333332,19.0,26.38888888888889
54,FakeGuadalupeV2,10,2,Train,0.15647748112678528,24.90295673085816,0.2716323435306549,43.22953340592587,34.0,63.55140186915887,30.5,57.009345794392516
55,FakeGuadalupeV2,10,2,Test,0.16835090517997742,26.720968072597305,0.370238721370697,58.764976894001705,36.0,69.90291262135922,40.0,77.66990291262135
56,FakeGuadalupeV2,10,3,Train,0.2511223554611206,39.66234700051391,0.18532544374465942,29.27036123218793,36.5,73.0,34.5,69.0
57,FakeGuadalupeV2,10,3,Test,0.27832430601119995,45.37730842559002,0.16683638095855713,27.20059208577003,38.0,73.07692307692307,32.5,62.5
58,FakeGuadalupeV2,10,4,Train,0.09051483869552612,13.354666157310097,0.362541526556015,53.48980482198507,25.5,44.73684210526316,32.0,56.14035087719298
59,FakeGuadalupeV2,10,4,Test,0.09836435317993164,14.439117945828372,0.3885401785373688,57.03466025270294,23.0,40.35087719298245,34.5,60.526315789473685
60,AerSim (IBM-Yonsei),4,0,Train,0.012201845645904541,2.109933434642185,0.19370156526565552,33.494720451058015,2.0,2.4242424242424243,2.5,3.0303030303030303
61,AerSim (IBM-Yonsei),4,0,Test,0.022789716720581055,4.0684057565130205,0.28406545519828796,50.711184668281405,4.0,4.519774011299435,3.5,3.954802259887006
62,AerSim (IBM-Yonsei),4,1,Train,-0.03151899576187134,-5.04260699237002,0.2219173014163971,35.50372430342209,-6.5,-8.074534161490684,4.0,4.968944099378882
63,AerSim (IBM-Yonsei),4,1,Test,-0.03826582431793213,-6.272215525500312,0.29967761039733887,49.120660382538375,-6.0,-6.779661016949152,2.5,2.824858757062147
64,AerSim (IBM-Yonsei),4,2,Train,0.18412905931472778,32.04463840962933,0.1749022901058197,30.43887078072301,0.0,0.0,3.0,3.614457831325301
65,AerSim (IBM-Yonsei),4,2,Test,0.2549683451652527,47.12499209563412,0.26977989077568054,49.86256318259845,0.0,0.0,2.5,2.717391304347826
66,AerSim (IBM-Yonsei),4,3,Train,0.14685434103012085,26.479579087876854,0.1282273530960083,23.120912284359648,-3.0,-3.4682080924855487,-2.0,-2.312138728323699
67,AerSim (IBM-Yonsei),4,3,Test,0.19636288285255432,37.25050226323749,0.2149488627910614,40.776306517617435,-0.5,-0.5434782608695652,1.0,1.0869565217391304
68,AerSim (IBM-Yonsei),4,4,Train,0.136398583650589,22.99021474318724,0.19135048985481262,32.25245259324375,2.5,3.067484662576687,4.0,4.9079754601226995
69,AerSim (IBM-Yonsei),4,4,Test,0.17784234881401062,31.603812456121993,0.2915552258491516,51.81137529832809,5.0,5.681818181818182,5.5,6.25
70,AerSim (IBM-Yonsei),8,0,Train,0.17656058073043823,25.5270994721788,0.2787981331348419,40.30858783850803,35.5,69.6078431372549,35.0,68.62745098039215
71,AerSim (IBM-Yonsei),8,0,Test,0.18064779043197632,26.280031753505394,0.3317008316516876,48.25471912845212,37.5,68.18181818181817,36.0,65.45454545454545
72,AerSim (IBM-Yonsei),8,1,Train,0.24812859296798706,38.19919134827255,0.3004126250743866,46.24827478118935,4.5,5.7324840764331215,6.5,8.280254777070063
73,AerSim (IBM-Yonsei),8,1,Test,0.306598961353302,45.95877852869602,0.40447375178337097,60.63008007865358,21.5,32.82442748091603,27.0,41.221374045801525
74,AerSim (IBM-Yonsei),8,2,Train,0.05456429719924927,8.233085286513548,0.3120253086090088,47.08080391740159,9.0,12.676056338028168,15.5,21.830985915492956
75,AerSim (IBM-Yonsei),8,2,Test,0.06682348251342773,10.155698204251543,0.3810608386993408,57.912858320603746,14.5,20.13888888888889,19.5,27.083333333333332
76,AerSim (IBM-Yonsei),8,3,Train,0.2111574411392212,32.08001580712983,0.32430410385131836,49.269780509453945,20.0,30.53435114503817,24.0,36.6412213740458
77,AerSim (IBM-Yonsei),8,3,Test,0.26114553213119507,40.50028207781206,0.3682668209075928,57.11340341508737,21.0,29.166666666666668,20.5,28.47222222222222
78,AerSim (IBM-Yonsei),8,4,Train,0.18622395396232605,28.247083361963277,0.24648278951644897,37.387348698271715,19.0,27.941176470588236,17.0,25.0
79,AerSim (IBM-Yonsei),8,4,Test,0.22625306248664856,34.357806485692514,0.3393022418022156,51.524963401059395,25.5,38.63636363636363,25.5,38.63636363636363
80,AerSim (IBM-Yonsei),10,0,Train,0.14366388320922852,21.461019340542983,0.22643494606018066,33.82565365920851,20.0,31.25,24.5,38.28125
81,AerSim (IBM-Yonsei),10,0,Test,0.13603007793426514,20.43964923282555,0.22554340958595276,33.8897709147834,17.5,27.34375,25.0,39.0625
82,AerSim (IBM-Yonsei),10,1,Train,0.27626216411590576,41.1108026385931,0.3371683955192566,50.17430963998301,27.0,46.55172413793103,27.5,47.41379310344828
83,AerSim (IBM-Yonsei),10,1,Test,0.3320431709289551,50.21422413653232,0.3877444267272949,58.6378135617237,23.0,33.093525179856115,21.5,30.935251798561154
84,AerSim (IBM-Yonsei),10,2,Train,0.1949985921382904,31.897862947942713,0.2519910931587219,41.22069429085288,28.5,48.717948717948715,27.5,47.008547008547005
85,AerSim (IBM-Yonsei),10,2,Test,0.1753941774368286,28.87029604791646,0.3408777713775635,56.10928663449357,31.5,56.25,35.5,63.39285714285714
86,AerSim (IBM-Yonsei),10,3,Train,0.24239987134933472,39.48091675679034,0.1307920515537262,21.30277574446686,28.0,47.863247863247864,24.5,41.88034188034188
87,AerSim (IBM-Yonsei),10,3,Test,0.29204803705215454,48.04275236095457,0.1348901093006134,22.18981569773114,35.5,62.28070175438597,30.0,52.63157894736842
88,AerSim (IBM-Yonsei),10,4,Train,0.12354987859725952,18.017046467957513,0.3998231887817383,58.30546377734209,24.5,43.36283185840708,34.0,60.17699115044248
89,AerSim (IBM-Yonsei),10,4,Test,0.12672799825668335,18.70493653945702,0.41565847396850586,61.35081027572706,20.0,31.25,28.0,43.75
