,Model,Qubits,sim_iter_num,Dataset,Diff_loss_FakeGuadalupeV2,Diff_loss_AerSim,Diff_accu_FakeGuadalupeV2,Diff_accu_AerSim
0,QCNN,4,0,Train,-0.042859435081481934,-0.05875813961029053,-3.5,-3.0
1,QCNN,4,0,Test,-0.05001994967460632,-0.08758190274238586,-1.0,-3.5
2,QCNN,4,1,Train,-0.03585684299468994,-0.05182558298110962,-1.5,-3.5
3,QCNN,4,1,Test,-0.02979874610900879,-0.06553041934967041,-0.5,-4.5
4,QCNN,4,2,Train,-0.04598754644393921,-0.07389706373214722,-5.0,-4.0
5,QCNN,4,2,Test,-0.04876205325126648,-0.10258212685585022,0.5,-2.5
6,QCNN,4,3,Train,-0.040225863456726074,-0.07035255432128906,2.0,1.5
7,QCNN,4,3,Test,-0.06311166286468506,-0.10751914978027344,-1.5,-2.0
8,QCNN,4,4,Train,-0.05241912603378296,-0.07720750570297241,-1.5,-3.0
9,QCNN,4,4,Test,-0.05911096930503845,-0.08505001664161682,0.5,-3.5
10,QCNN,8,0,Train,-0.05154705047607422,-0.08791059255599976,-25.0,-37.0
11,QCNN,8,0,Test,-0.06297141313552856,-0.10216552019119263,-24.5,-37.0
12,QCNN,8,1,Train,-0.03797215223312378,-0.0317080020904541,-17.0,-7.5
13,QCNN,8,1,Test,-0.039306640625,-0.05706268548965454,-12.5,-23.5
14,QCNN,8,2,Train,-0.03543978929519653,-0.03628969192504883,-19.5,-14.5
15,QCNN,8,2,Test,-0.03819751739501953,-0.035030484199523926,-19.5,-19.0
16,QCNN,8,3,Train,-0.04125416278839111,-0.04894399642944336,-13.5,-15.0
17,QCNN,8,3,Test,-0.04783254861831665,-0.04071229696273804,-22.5,-17.0
18,QCNN,8,4,Train,-0.0698697566986084,-0.06634050607681274,-9.0,-17.0
19,QCNN,8,4,Test,-0.06514155864715576,-0.06026053428649902,-13.0,-15.5
20,QCNN,10,0,Train,-0.0475921630859375,-0.046858370304107666,-7.5,-10.5
21,QCNN,10,0,Test,-0.03503388166427612,-0.027509987354278564,-5.5,-6.0
22,QCNN,10,1,Train,-0.037013113498687744,-0.045658886432647705,-12.5,-20.5
23,QCNN,10,1,Test,-0.03200596570968628,-0.04062312841415405,-12.0,-14.5
24,QCNN,10,2,Train,-0.06687164306640625,-0.049844443798065186,1.0,6.0
25,QCNN,10,2,Test,-0.08718383312225342,-0.06467556953430176,2.5,7.0
26,QCNN,10,3,Train,-0.06168925762176514,-0.04250591993331909,0.5,9.0
27,QCNN,10,3,Test,-0.0684325098991394,-0.06296879053115845,1.0,6.0
28,QCNN,10,4,Train,-0.04646646976470947,-0.05442839860916138,-27.0,-27.5
29,QCNN,10,4,Test,-0.04290539026260376,-0.0391811728477478,-30.0,-23.0
30,HQCNN-EZ,4,0,Train,-0.05062073469161987,-0.0962567925453186,0.5,-0.5
31,HQCNN-EZ,4,0,Test,-0.09221705794334412,-0.15046074986457825,1.0,0.0
32,HQCNN-EZ,4,1,Train,-0.0619390606880188,-0.06618672609329224,-1.0,-11.0
33,HQCNN-EZ,4,1,Test,-0.07986193895339966,-0.0839388370513916,-4.0,-10.5
34,HQCNN-EZ,4,2,Train,-0.05808299779891968,-0.020433008670806885,0.0,-1.5
35,HQCNN-EZ,4,2,Test,-0.08226883411407471,-0.02904483675956726,1.0,0.0
36,HQCNN-EZ,4,3,Train,-0.029952436685562134,-0.03286418318748474,-1.0,-0.5
37,HQCNN-EZ,4,3,Test,-0.03542158007621765,-0.06477919220924377,-0.5,-1.0
38,HQCNN-EZ,4,4,Train,-0.011431485414505005,-0.04844829440116882,0.5,0.5
39,HQCNN-EZ,4,4,Test,-0.03820914030075073,-0.07390338182449341,-1.0,-0.5
40,HQCNN-EZ,8,0,Train,-0.11191961169242859,-0.07946887612342834,-0.5,-0.5
41,HQCNN-EZ,8,0,Test,-0.12493449449539185,-0.10427463054656982,-1.0,1.0
42,HQCNN-EZ,8,1,Train,-0.07534897327423096,-0.07209265232086182,0.0,-3.0
43,HQCNN-EZ,8,1,Test,-0.06475004553794861,-0.05556568503379822,1.5,-3.0
44,HQCNN-EZ,8,2,Train,-0.13146287202835083,-0.10165643692016602,-4.0,-7.0
45,HQCNN-EZ,8,2,Test,-0.1434250771999359,-0.1029408872127533,-3.5,-5.5
46,HQCNN-EZ,8,3,Train,-0.03800579905509949,-0.041560232639312744,0.0,0.5
47,HQCNN-EZ,8,3,Test,-0.05032891035079956,-0.050436824560165405,-2.0,-0.5
48,HQCNN-EZ,8,4,Train,-0.13646411895751953,-0.03173425793647766,-13.0,-1.5
49,HQCNN-EZ,8,4,Test,-0.15596935153007507,-0.01230710744857788,-24.0,0.0
50,HQCNN-EZ,10,0,Train,-0.15260374546051025,-0.13079291582107544,-3.5,-2.5
51,HQCNN-EZ,10,0,Test,-0.16446271538734436,-0.14807608723640442,-8.0,-8.5
52,HQCNN-EZ,10,1,Train,-0.06704434752464294,-0.04336613416671753,-0.5,-3.0
53,HQCNN-EZ,10,1,Test,-0.06513866782188416,-0.028361499309539795,-0.5,0.5
54,HQCNN-EZ,10,2,Train,-0.19148829579353333,-0.13593998551368713,-4.0,-4.5
55,HQCNN-EZ,10,2,Test,-0.17334777116775513,-0.14379623532295227,-4.5,-4.5
56,HQCNN-EZ,10,3,Train,-0.11457833647727966,-0.1041174829006195,-2.5,-2.5
57,HQCNN-EZ,10,3,Test,-0.09576193988323212,-0.07657448947429657,-2.5,0.0
58,HQCNN-EZ,10,4,Train,-0.1663881540298462,-0.1413150429725647,-5.0,-6.5
59,HQCNN-EZ,10,4,Test,-0.1638123095035553,-0.13172444701194763,-8.0,-4.0
60,HQCNN-EM,4,0,Train,-0.01928955316543579,-0.030310064554214478,-0.5,-1.0
61,HQCNN-EM,4,0,Test,-0.0012793391942977905,-0.04586794972419739,0.0,-1.5
62,HQCNN-EM,4,1,Train,-0.01902329921722412,-0.02627435326576233,0.5,-1.0
63,HQCNN-EM,4,1,Test,-0.03878021240234375,-0.050064414739608765,0.5,-2.0
64,HQCNN-EM,4,2,Train,-0.018974512815475464,-0.007043749094009399,0.5,1.0
65,HQCNN-EM,4,2,Test,-0.009021073579788208,0.002180814743041992,-1.0,0.5
66,HQCNN-EM,4,3,Train,-0.07545092701911926,-0.04557007551193237,0.5,0.5
67,HQCNN-EM,4,3,Test,-0.10432465374469757,-0.06484781205654144,1.0,0.0
68,HQCNN-EM,4,4,Train,-4.0650367736816406e-05,-0.014012902975082397,3.0,2.5
69,HQCNN-EM,4,4,Test,-0.0555514395236969,-0.017791390419006348,-2.5,-1.0
70,HQCNN-EM,8,0,Train,-0.06518915295600891,-0.10881936550140381,1.5,0.0
71,HQCNN-EM,8,0,Test,-0.06613621115684509,-0.1304035484790802,-1.5,-2.0
72,HQCNN-EM,8,1,Train,-0.036307334899902344,-0.014863818883895874,0.0,-0.5
73,HQCNN-EM,8,1,Test,-0.02894158661365509,-0.016616061329841614,-0.5,0.0
74,HQCNN-EM,8,2,Train,-0.013570427894592285,-0.0116596519947052,-0.5,1.5
75,HQCNN-EM,8,2,Test,-0.020670294761657715,-0.024956703186035156,0.5,-1.5
76,HQCNN-EM,8,3,Train,-0.032339513301849365,-0.02349191904067993,-1.5,2.5
77,HQCNN-EM,8,3,Test,-0.008937239646911621,-0.018167972564697266,-1.0,-0.5
78,HQCNN-EM,8,4,Train,-0.0390191376209259,-0.07972973585128784,-0.5,-1.0
79,HQCNN-EM,8,4,Test,-0.034384965896606445,-0.06490594148635864,0.5,-0.5
80,HQCNN-EM,10,0,Train,-0.0005973875522613525,-0.052397310733795166,-1.5,0.0
81,HQCNN-EM,10,0,Test,-0.01573014259338379,-0.07007881999015808,-1.0,-2.5
82,HQCNN-EM,10,1,Train,-0.019552946090698242,-0.021324336528778076,-0.5,-3.5
83,HQCNN-EM,10,1,Test,-0.02230176329612732,-0.006451725959777832,-0.5,-0.5
84,HQCNN-EM,10,2,Train,-0.036240845918655396,-0.038854897022247314,-3.5,-1.5
85,HQCNN-EM,10,2,Test,-0.0036474764347076416,-0.010500162839889526,0.0,0.0
86,HQCNN-EM,10,3,Train,-0.0896572470664978,-0.12500730156898499,-3.0,-4.5
87,HQCNN-EM,10,3,Test,-0.07838737964630127,-0.10486993193626404,-5.0,-2.5
88,HQCNN-EM,10,4,Train,-0.06565873324871063,-0.03633899986743927,0.5,2.0
89,HQCNN-EM,10,4,Test,-0.04212605953216553,-0.011283546686172485,-0.5,0.0
