,Device,Qubits,Model,Model_spec,sim_iter_num,Dataset,MAE,MSE,RMSE,R-squared,Adj R-squared
0,noiseless,4,QCNN,AngleEmbed_ConvSimple_PoolSimple_ReLU_hl1_batch10_lr0.01,0,Train,0.33957412810996174,0.18594086513907906,0.43120860976919173,0.046079705617542044,0.00591464059091229
1,noiseless,4,QCNN,AngleEmbed_ConvSimple_PoolSimple_ReLU_hl1_batch10_lr0.01,0,Test,0.42315219417214395,0.22185091398830573,0.4710105242861413,-0.6615745014769212,-1.1046610352041002
2,noiseless,4,QCNN,AngleEmbed_ConvSimple_PoolSimple_ReLU_hl1_batch10_lr0.01,1,Train,0.3728158392198384,0.21087548223010028,0.459211805412383,-0.08184073434593664,-0.1273919231605023
3,noiseless,4,QCNN,AngleEmbed_ConvSimple_PoolSimple_ReLU_hl1_batch10_lr0.01,1,Test,0.40097779408097267,0.22076088313303935,0.4698519800246024,-0.6534106068939618,-1.094320102065685
4,noiseless,4,QCNN,AngleEmbed_ConvSimple_PoolSimple_ReLU_hl1_batch10_lr0.01,2,Train,0.3482639447040856,0.19004448889326025,0.43594092362757164,0.02502715228723784,-0.016024336037509856
5,noiseless,4,QCNN,AngleEmbed_ConvSimple_PoolSimple_ReLU_hl1_batch10_lr0.01,2,Test,0.43384555354714394,0.23433116400235612,0.4840776425351166,-0.7550465761355643,-1.2230589964383811
6,noiseless,4,QCNN,AngleEmbed_ConvSimple_PoolSimple_ReLU_hl1_batch10_lr0.01,3,Train,0.387931868750602,0.23729424301420887,0.4871285692855726,-0.21737517991037225,-0.2686330822223879
7,noiseless,4,QCNN,AngleEmbed_ConvSimple_PoolSimple_ReLU_hl1_batch10_lr0.01,3,Test,0.45249789729714396,0.25343960770740104,0.5034278575003582,-0.8981611671571881,-1.4043374783991047
8,noiseless,4,QCNN,AngleEmbed_ConvSimple_PoolSimple_ReLU_hl1_batch10_lr0.01,4,Train,0.37476727994158865,0.21365118613088863,0.46222417302742685,-0.09608074705200886,-0.14223151534893552
9,noiseless,4,QCNN,AngleEmbed_ConvSimple_PoolSimple_ReLU_hl1_batch10_lr0.01,4,Test,0.3995493918657303,0.2175768922312958,0.46645138249478457,-0.629563790127859,-1.0641141341619544
10,FakeGuadalupeV2,4,QCNN,AngleEmbed_ConvSimple_PoolSimple_ReLU_hl1_batch10_lr0.01,0,Train,0.42269595177844166,0.26742355466895473,0.5171301138678299,-0.3719456226247184,-0.4297117541036537
11,FakeGuadalupeV2,4,QCNN,AngleEmbed_ConvSimple_PoolSimple_ReLU_hl1_batch10_lr0.01,0,Test,0.5007367081940174,0.31162734053984914,0.5582359183533868,-1.3339639837200425,-1.9563543793787206
12,FakeGuadalupeV2,4,QCNN,AngleEmbed_ConvSimple_PoolSimple_ReLU_hl1_batch10_lr0.01,1,Train,0.4135653498955071,0.2580274877765137,0.5079640615009232,-0.3237415934062331,-0.37947808154965323
13,FakeGuadalupeV2,4,QCNN,AngleEmbed_ConvSimple_PoolSimple_ReLU_hl1_batch10_lr0.01,1,Test,0.4708508409559727,0.2909133501267892,0.5393638383566228,-1.1788244908262158,-1.75984435504654
14,FakeGuadalupeV2,4,QCNN,AngleEmbed_ConvSimple_PoolSimple_ReLU_hl1_batch10_lr0.01,2,Train,0.39964266927912834,0.24891722791703297,0.4989160529758819,-0.2770038213701813,-0.3307724033226098
15,FakeGuadalupeV2,4,QCNN,AngleEmbed_ConvSimple_PoolSimple_ReLU_hl1_batch10_lr0.01,2,Test,0.49571078792214396,0.30535021228759013,0.5525850272017784,-1.2869508069025528,-1.8968043554099001
16,FakeGuadalupeV2,4,QCNN,AngleEmbed_ConvSimple_PoolSimple_ReLU_hl1_batch10_lr0.01,3,Train,0.4300332781858742,0.2834365067404783,0.5323875531419553,-0.4540958263605923,-0.5153209137863013
17,FakeGuadalupeV2,4,QCNN,AngleEmbed_ConvSimple_PoolSimple_ReLU_hl1_batch10_lr0.01,3,Test,0.514021334797144,0.3214853833186456,0.5669968106776665,-1.4077967762979466,-2.0498759166440657
18,FakeGuadalupeV2,4,QCNN,AngleEmbed_ConvSimple_PoolSimple_ReLU_hl1_batch10_lr0.01,4,Train,0.41397625716403125,0.26119451489864015,0.5110719273239728,-0.3399891861147881,-0.3964097834248843
19,FakeGuadalupeV2,4,QCNN,AngleEmbed_ConvSimple_PoolSimple_ReLU_hl1_batch10_lr0.01,4,Test,0.47016387060284615,0.29128303847726367,0.5397064373131598,-1.1815933085227424,-1.7633515241288067
20,AerSim with backend noise,4,QCNN,AngleEmbed_ConvSimple_PoolSimple_ReLU_hl1_batch10_lr0.01,0,Train,0.41899582298472526,0.26740782618477765,0.5171149061715178,-0.37186493180807,-0.42962766577893596
21,AerSim with backend noise,4,QCNN,AngleEmbed_ConvSimple_PoolSimple_ReLU_hl1_batch10_lr0.01,0,Test,0.5051800675690175,0.3172389540098042,0.5632396949876706,-1.3759927213357606,-2.00959078035863
22,AerSim with backend noise,4,QCNN,AngleEmbed_ConvSimple_PoolSimple_ReLU_hl1_batch10_lr0.01,1,Train,0.4230878517217934,0.26963898312430185,0.5192677374190523,-0.3833112907511267,-0.4415559766774897
23,AerSim with backend noise,4,QCNN,AngleEmbed_ConvSimple_PoolSimple_ReLU_hl1_batch10_lr0.01,1,Test,0.48456816747784615,0.305930439912186,0.5531097901069787,-1.2912964794479085,-1.9023088739673506
24,AerSim with backend noise,4,QCNN,AngleEmbed_ConvSimple_PoolSimple_ReLU_hl1_batch10_lr0.01,2,Train,0.41705492885783313,0.26620221332549276,0.5159478784969396,-0.3656798547795206,-0.42318216445444756
25,AerSim with backend noise,4,QCNN,AngleEmbed_ConvSimple_PoolSimple_ReLU_hl1_batch10_lr0.01,2,Test,0.5206619597971439,0.3393808922058046,0.582564067039673,-1.5418269712757517,-2.2196474969492854
26,AerSim with backend noise,4,QCNN,AngleEmbed_ConvSimple_PoolSimple_ReLU_hl1_batch10_lr0.01,3,Train,0.44909248741343616,0.3082751253921256,0.5552252924643524,-0.5815237717910409,-0.6481142463927687
27,AerSim with backend noise,4,QCNN,AngleEmbed_ConvSimple_PoolSimple_ReLU_hl1_batch10_lr0.01,3,Test,0.5393631316721439,0.3558625440714199,0.5965421561561428,-1.6652679433673496,-2.376006061598643
28,AerSim with backend noise,4,QCNN,AngleEmbed_ConvSimple_PoolSimple_ReLU_hl1_batch10_lr0.01,4,Train,0.42102628739550707,0.2707535467765288,0.5203398377757836,-0.38902926397043514,-0.4475147066639271
29,AerSim with backend noise,4,QCNN,AngleEmbed_ConvSimple_PoolSimple_ReLU_hl1_batch10_lr0.01,4,Test,0.48003052845597266,0.3024570091413583,0.5499609160125457,-1.265281873973906,-1.8693570403669475
30,noiseless,4,HQCNN-EZ,AngleEmbed_ConvSimple_PoolSimple_ReLU_hl1_batch10_lr0.01,0,Train,0.13516957761719822,0.029689443375770317,0.1723062488007046,0.8476861848314922,0.8412729715612393
31,noiseless,4,HQCNN-EZ,AngleEmbed_ConvSimple_PoolSimple_ReLU_hl1_batch10_lr0.01,0,Test,0.10550968293100596,0.02167197476940685,0.14721404406308133,0.8376855879196614,0.7944017446982378
32,noiseless,4,HQCNN-EZ,AngleEmbed_ConvSimple_PoolSimple_ReLU_hl1_batch10_lr0.01,1,Train,0.0982699589850381,0.017143744655302943,0.13093412334186585,0.912048564815636,0.9083453464920839
33,noiseless,4,HQCNN-EZ,AngleEmbed_ConvSimple_PoolSimple_ReLU_hl1_batch10_lr0.01,1,Test,0.08815712183713913,0.013001750632116288,0.11402521928115854,0.9026220945565966,0.8766546531050223
34,noiseless,4,HQCNN-EZ,AngleEmbed_ConvSimple_PoolSimple_ReLU_hl1_batch10_lr0.01,2,Train,0.12722179788164795,0.02780318766094246,0.1667428788912512,0.8573631195140501,0.8513573561251679
35,noiseless,4,HQCNN-EZ,AngleEmbed_ConvSimple_PoolSimple_ReLU_hl1_batch10_lr0.01,2,Test,0.10594278750941158,0.021709429006571617,0.14734119928442152,0.8374050706825382,0.7940464228645484
36,noiseless,4,HQCNN-EZ,AngleEmbed_ConvSimple_PoolSimple_ReLU_hl1_batch10_lr0.01,3,Train,0.12465589851140976,0.028466491075193005,0.16872015610232527,0.853960217264921,0.8478111737813387
37,noiseless,4,HQCNN-EZ,AngleEmbed_ConvSimple_PoolSimple_ReLU_hl1_batch10_lr0.01,3,Test,0.09435885520651936,0.01433498907709251,0.1197288147318452,0.8926366725236812,0.8640064518633295
38,noiseless,4,HQCNN-EZ,AngleEmbed_ConvSimple_PoolSimple_ReLU_hl1_batch10_lr0.01,4,Train,0.12815378186292947,0.030564226457527877,0.17482627507765494,0.8431983422356927,0.8365961671719324
39,noiseless,4,HQCNN-EZ,AngleEmbed_ConvSimple_PoolSimple_ReLU_hl1_batch10_lr0.01,4,Test,0.10987849864177406,0.017639607031595703,0.13281418234358747,0.8678864074397394,0.8326561160903366
40,FakeGuadalupeV2,4,HQCNN-EZ,AngleEmbed_ConvSimple_PoolSimple_ReLU_hl1_batch10_lr0.01,0,Train,0.14095902163535357,0.03237713461606116,0.17993647383468744,0.8338976977378685,0.8269039165899893
41,FakeGuadalupeV2,4,HQCNN-EZ,AngleEmbed_ConvSimple_PoolSimple_ReLU_hl1_batch10_lr0.01,0,Test,0.11905253416334745,0.022744612591534267,0.1508131711473977,0.8296519601895517,0.7842258162400988
42,FakeGuadalupeV2,4,HQCNN-EZ,AngleEmbed_ConvSimple_PoolSimple_ReLU_hl1_batch10_lr0.01,1,Train,0.09820053676143288,0.018125241574067964,0.13463001735893806,0.9070132551811267,0.9030980238203321
43,FakeGuadalupeV2,4,HQCNN-EZ,AngleEmbed_ConvSimple_PoolSimple_ReLU_hl1_batch10_lr0.01,1,Test,0.12074349438771606,0.021564049653345248,0.14684702807120492,0.838493903818357,0.7954256115032522
44,FakeGuadalupeV2,4,HQCNN-EZ,AngleEmbed_ConvSimple_PoolSimple_ReLU_hl1_batch10_lr0.01,2,Train,0.13668503496795892,0.03229646347692278,0.17971216841639517,0.8343115596220622,0.827335204237728
45,FakeGuadalupeV2,4,HQCNN-EZ,AngleEmbed_ConvSimple_PoolSimple_ReLU_hl1_batch10_lr0.01,2,Test,0.12823275425471364,0.02684206385317799,0.1638354780051561,0.7989636911398666,0.7453540087771644
46,FakeGuadalupeV2,4,HQCNN-EZ,AngleEmbed_ConvSimple_PoolSimple_ReLU_hl1_batch10_lr0.01,3,Train,0.13709175462834536,0.03307981513499283,0.1818785725009761,0.8302927816965522,0.8231472146100912
47,FakeGuadalupeV2,4,HQCNN-EZ,AngleEmbed_ConvSimple_PoolSimple_ReLU_hl1_batch10_lr0.01,3,Test,0.13186172964051365,0.02799473301740534,0.1673162664459297,0.7903306607074573,0.7344188368961125
48,FakeGuadalupeV2,4,HQCNN-EZ,AngleEmbed_ConvSimple_PoolSimple_ReLU_hl1_batch10_lr0.01,4,Train,0.13857209766312736,0.03376619296827663,0.18375579710114354,0.8267715022602435,0.8194776707764644
49,FakeGuadalupeV2,4,HQCNN-EZ,AngleEmbed_ConvSimple_PoolSimple_ReLU_hl1_batch10_lr0.01,4,Test,0.10866398354992271,0.019996325148665815,0.14140836307894175,0.8502355325341765,0.8102983412099569
50,AerSim with backend noise,4,HQCNN-EZ,AngleEmbed_ConvSimple_PoolSimple_ReLU_hl1_batch10_lr0.01,0,Train,0.1390982604911551,0.03307207719902306,0.18185729899848138,0.8303324791248322,0.8231885835090357
51,AerSim with backend noise,4,HQCNN-EZ,AngleEmbed_ConvSimple_PoolSimple_ReLU_hl1_batch10_lr0.01,0,Test,0.12297096617985517,0.02321606806811446,0.1523681990052861,0.8261209474730181,0.7797532001324896
52,AerSim with backend noise,4,HQCNN-EZ,AngleEmbed_ConvSimple_PoolSimple_ReLU_hl1_batch10_lr0.01,1,Train,0.10396196595625952,0.019419065261628263,0.13935230626591102,0.900375635892901,0.8961809258252337
53,AerSim with backend noise,4,HQCNN-EZ,AngleEmbed_ConvSimple_PoolSimple_ReLU_hl1_batch10_lr0.01,1,Test,0.12749701985158027,0.020100993333527186,0.14177797196153988,0.8494516097458724,0.8093053723447717
54,AerSim with backend noise,4,HQCNN-EZ,AngleEmbed_ConvSimple_PoolSimple_ReLU_hl1_batch10_lr0.01,2,Train,0.13273918906692417,0.03050555758257147,0.17465840255358878,0.8434993273388202,0.8369098253320336
55,AerSim with backend noise,4,HQCNN-EZ,AngleEmbed_ConvSimple_PoolSimple_ReLU_hl1_batch10_lr0.01,2,Test,0.11533012180589139,0.023422737916531513,0.15304488856715048,0.8245730730731318,0.7777925592259669
56,AerSim with backend noise,4,HQCNN-EZ,AngleEmbed_ConvSimple_PoolSimple_ReLU_hl1_batch10_lr0.01,3,Train,0.14412069981917738,0.03426627177097258,0.18511151171921367,0.8242059805911616,0.8168041271423684
57,AerSim with backend noise,4,HQCNN-EZ,AngleEmbed_ConvSimple_PoolSimple_ReLU_hl1_batch10_lr0.01,3,Test,0.12116663120687007,0.02333556675556831,0.15275983358058595,0.825225950159445,0.7786195368686304
58,AerSim with backend noise,4,HQCNN-EZ,AngleEmbed_ConvSimple_PoolSimple_ReLU_hl1_batch10_lr0.01,4,Train,0.13635429030284285,0.032563027182305575,0.18045228505703545,0.8329440252281556,0.8259100894482885
59,AerSim with backend noise,4,HQCNN-EZ,AngleEmbed_ConvSimple_PoolSimple_ReLU_hl1_batch10_lr0.01,4,Test,0.09455160181969405,0.018349078627533957,0.13545877095092054,0.8625727493071645,0.8259254824557418
60,noiseless,4,HQCNN-EM,AngleEmbed_ConvSimple_PoolSimple_ReLU_hl1_batch10_lr0.01,0,Train,0.08785422369837761,0.013552739119982076,0.11641623220145066,0.930471266327862,0.9275437406995615
61,noiseless,4,HQCNN-EM,AngleEmbed_ConvSimple_PoolSimple_ReLU_hl1_batch10_lr0.01,0,Test,0.08552107959985733,0.013527282308264905,0.11630684549184929,0.8986860727611082,0.8716690254974038
62,noiseless,4,HQCNN-EM,AngleEmbed_ConvSimple_PoolSimple_ReLU_hl1_batch10_lr0.01,1,Train,0.09598503610119223,0.016609000566135273,0.12887591150457586,0.9147919275432245,0.911204219229255
63,noiseless,4,HQCNN-EM,AngleEmbed_ConvSimple_PoolSimple_ReLU_hl1_batch10_lr0.01,1,Test,0.09588030353188515,0.013155673123821928,0.11469818273984086,0.9014692767348256,0.8751944171974457
64,noiseless,4,HQCNN-EM,AngleEmbed_ConvSimple_PoolSimple_ReLU_hl1_batch10_lr0.01,2,Train,0.11029546331614255,0.02029675428569563,0.1424666778081655,0.8958728851307791,0.8914885855573382
65,noiseless,4,HQCNN-EM,AngleEmbed_ConvSimple_PoolSimple_ReLU_hl1_batch10_lr0.01,2,Test,0.09276795373298227,0.014476171097888652,0.12031696097345815,0.8915792757268656,0.862667082587363
66,noiseless,4,HQCNN-EM,AngleEmbed_ConvSimple_PoolSimple_ReLU_hl1_batch10_lr0.01,3,Train,0.10023126519750804,0.016875021545977777,0.12990389349814646,0.9134271774587637,0.9097820059833432
67,noiseless,4,HQCNN-EM,AngleEmbed_ConvSimple_PoolSimple_ReLU_hl1_batch10_lr0.01,3,Test,0.0915460903197527,0.01193176250186471,0.10923260731972258,0.9106358771556744,0.8868054443971876
68,noiseless,4,HQCNN-EM,AngleEmbed_ConvSimple_PoolSimple_ReLU_hl1_batch10_lr0.01,4,Train,0.09796453711867797,0.01658010921678186,0.1287637729207321,0.9149401469486774,0.9113586794517796
69,noiseless,4,HQCNN-EM,AngleEmbed_ConvSimple_PoolSimple_ReLU_hl1_batch10_lr0.01,4,Test,0.10545984208583832,0.018829953611056865,0.13722227811495066,0.8589711882558455,0.821363505124071
70,FakeGuadalupeV2,4,HQCNN-EM,AngleEmbed_ConvSimple_PoolSimple_ReLU_hl1_batch10_lr0.01,0,Train,0.08849201028700918,0.012967357863945808,0.1138743073039121,0.9334744096103589,0.9306733321202687
71,FakeGuadalupeV2,4,HQCNN-EM,AngleEmbed_ConvSimple_PoolSimple_ReLU_hl1_batch10_lr0.01,0,Test,0.09588237516582013,0.014068234630614527,0.11860958911746776,0.8946345565010569,0.8665371049013388
72,FakeGuadalupeV2,4,HQCNN-EM,AngleEmbed_ConvSimple_PoolSimple_ReLU_hl1_batch10_lr0.01,1,Train,0.10911712928675116,0.020988101188415636,0.14487270684437298,0.8923261132015973,0.8877924758627171
73,FakeGuadalupeV2,4,HQCNN-EM,AngleEmbed_ConvSimple_PoolSimple_ReLU_hl1_batch10_lr0.01,1,Test,0.09737476892769337,0.016467355330389392,0.1283251936697911,0.8766661032319327,0.8437770640937814
74,FakeGuadalupeV2,4,HQCNN-EM,AngleEmbed_ConvSimple_PoolSimple_ReLU_hl1_batch10_lr0.01,2,Train,0.10716903062537313,0.018798741841431793,0.13710850389903537,0.9035580406814533,0.8994973266048829
75,FakeGuadalupeV2,4,HQCNN-EM,AngleEmbed_ConvSimple_PoolSimple_ReLU_hl1_batch10_lr0.01,2,Test,0.07972898073494435,0.012287507318511188,0.11084902939814668,0.9079714909435737,0.8834305551951933
76,FakeGuadalupeV2,4,HQCNN-EM,AngleEmbed_ConvSimple_PoolSimple_ReLU_hl1_batch10_lr0.01,3,Train,0.10344973279163241,0.018421556039524188,0.13572603302065595,0.9054930924029964,0.9015138541883857
77,FakeGuadalupeV2,4,HQCNN-EM,AngleEmbed_ConvSimple_PoolSimple_ReLU_hl1_batch10_lr0.01,3,Test,0.08633049931377172,0.013348834446908311,0.11553715613129964,0.9000225757799276,0.8733619293212417
78,FakeGuadalupeV2,4,HQCNN-EM,AngleEmbed_ConvSimple_PoolSimple_ReLU_hl1_batch10_lr0.01,4,Train,0.10769368601031601,0.019496684123493025,0.1396305271904859,0.8999774329077516,0.8957659563986042
79,FakeGuadalupeV2,4,HQCNN-EM,AngleEmbed_ConvSimple_PoolSimple_ReLU_hl1_batch10_lr0.01,4,Test,0.08459899313747883,0.011863716249953813,0.10892068788781042,0.9111455163321087,0.8874509873540044
80,AerSim with backend noise,4,HQCNN-EM,AngleEmbed_ConvSimple_PoolSimple_ReLU_hl1_batch10_lr0.01,0,Train,0.09010535718873143,0.015776359908213414,0.1256039804632537,0.9190635696103168,0.9156557199096985
81,AerSim with backend noise,4,HQCNN-EM,AngleEmbed_ConvSimple_PoolSimple_ReLU_hl1_batch10_lr0.01,0,Test,0.07737793698906899,0.010413057883522103,0.10204439172988441,0.9220103665537497,0.901213130968083
82,AerSim with backend noise,4,HQCNN-EM,AngleEmbed_ConvSimple_PoolSimple_ReLU_hl1_batch10_lr0.01,1,Train,0.12262044336413964,0.025636941608917593,0.16011540091108536,0.8684764703640999,0.8629386375373251
83,AerSim with backend noise,4,HQCNN-EM,AngleEmbed_ConvSimple_PoolSimple_ReLU_hl1_batch10_lr0.01,1,Test,0.12836334351450204,0.025555365590604662,0.1598604566195301,0.8086005458444598,0.7575606914029824
84,AerSim with backend noise,4,HQCNN-EM,AngleEmbed_ConvSimple_PoolSimple_ReLU_hl1_batch10_lr0.01,2,Train,0.10290726027451455,0.019187952101504355,0.13852058367442852,0.9015613006663555,0.8974165133259916
85,AerSim with backend noise,4,HQCNN-EM,AngleEmbed_ConvSimple_PoolSimple_ReLU_hl1_batch10_lr0.01,2,Test,0.08724928696174175,0.011888938506022628,0.10903640908440917,0.9109566117348715,0.887211708197504
86,AerSim with backend noise,4,HQCNN-EM,AngleEmbed_ConvSimple_PoolSimple_ReLU_hl1_batch10_lr0.01,3,Train,0.09194091225508601,0.01606742072200336,0.1267573300523617,0.9175703592987157,0.9140996375849774
87,AerSim with backend noise,4,HQCNN-EM,AngleEmbed_ConvSimple_PoolSimple_ReLU_hl1_batch10_lr0.01,3,Test,0.10450986730866134,0.01581424798908728,0.12575471358596177,0.8815576156693896,0.8499729798478936
88,AerSim with backend noise,4,HQCNN-EM,AngleEmbed_ConvSimple_PoolSimple_ReLU_hl1_batch10_lr0.01,4,Train,0.10570907663786784,0.018498689678744552,0.13600988816532625,0.9050973787239358,0.9011014788807331
89,AerSim with backend noise,4,HQCNN-EM,AngleEmbed_ConvSimple_PoolSimple_ReLU_hl1_batch10_lr0.01,4,Test,0.07872077487409115,0.010729697996006907,0.10358425554111449,0.919638858915619,0.8982092212931174
90,noiseless,8,QCNN,AngleEmbed_ConvSimple_PoolSimple_ReLU_hl1_batch10_lr0.01,0,Train,0.48239993972703815,0.33391806857007195,0.5778564428732036,-1.261272207198151,-1.4600653682705156
91,noiseless,8,QCNN,AngleEmbed_ConvSimple_PoolSimple_ReLU_hl1_batch10_lr0.01,0,Test,0.45476592890918255,0.2777208318482724,0.526992250273448,-1.7723947864154264,-3.788681903808464
92,noiseless,8,QCNN,AngleEmbed_ConvSimple_PoolSimple_ReLU_hl1_batch10_lr0.01,1,Train,0.48792641146108506,0.3353332517683319,0.5790796592597014,-1.2708557390148711,-1.4704914083788156
93,noiseless,8,QCNN,AngleEmbed_ConvSimple_PoolSimple_ReLU_hl1_batch10_lr0.01,1,Test,0.45210346691310405,0.27774389536243577,0.5270141320329426,-1.7726250218140365,-3.7890795831333355
94,noiseless,8,QCNN,AngleEmbed_ConvSimple_PoolSimple_ReLU_hl1_batch10_lr0.01,2,Train,0.5804581443779171,0.44206694131052954,0.664881148259243,-1.993649587119679,-2.2568275728005296
95,noiseless,8,QCNN,AngleEmbed_ConvSimple_PoolSimple_ReLU_hl1_batch10_lr0.01,2,Test,0.5559757333248854,0.39944957668594616,0.6320202343959773,-2.987572399484209,-5.887625053654543
96,noiseless,8,QCNN,AngleEmbed_ConvSimple_PoolSimple_ReLU_hl1_batch10_lr0.01,3,Train,0.44085701955482365,0.2850503872247081,0.533901102475644,-0.9303433355450195,-1.1000438485599662
97,noiseless,8,QCNN,AngleEmbed_ConvSimple_PoolSimple_ReLU_hl1_batch10_lr0.01,3,Test,0.4253713976591825,0.2337132690598071,0.4834390024189268,-1.3330819094316553,-3.0298687526546777
98,noiseless,8,QCNN,AngleEmbed_ConvSimple_PoolSimple_ReLU_hl1_batch10_lr0.01,4,Train,0.5083256433717906,0.3690642819221992,0.6075066105995878,-1.4992801586149644,-1.7189970956360598
99,noiseless,8,QCNN,AngleEmbed_ConvSimple_PoolSimple_ReLU_hl1_batch10_lr0.01,4,Test,0.4888479601591825,0.32017980580167094,0.5658443300075303,-2.1962486156062475,-4.520793063319882
100,FakeGuadalupeV2,8,QCNN,AngleEmbed_ConvSimple_PoolSimple_ReLU_hl1_batch10_lr0.01,0,Train,0.5831225959770382,0.46632986632242845,0.6828834939595688,-2.1579565928162774,-2.4355791504264994
101,FakeGuadalupeV2,8,QCNN,AngleEmbed_ConvSimple_PoolSimple_ReLU_hl1_batch10_lr0.01,0,Test,0.5578421007841825,0.4111144821308688,0.6411820974815725,-3.104019274658487,-6.088760565319205
102,FakeGuadalupeV2,8,QCNN,AngleEmbed_ConvSimple_PoolSimple_ReLU_hl1_batch10_lr0.01,1,Train,0.5965622465126217,0.4681198412944084,0.684192839259816,-2.1700781910066707,-2.448766383622641
103,FakeGuadalupeV2,8,QCNN,AngleEmbed_ConvSimple_PoolSimple_ReLU_hl1_batch10_lr0.01,1,Test,0.5607948731631041,0.40182000582863003,0.6338927400030939,-3.0112356059963306,-5.928497864902753
104,FakeGuadalupeV2,8,QCNN,AngleEmbed_ConvSimple_PoolSimple_ReLU_hl1_batch10_lr0.01,2,Train,0.48573574705049394,0.3308358496701274,0.5751833183169757,-1.2403996142151126,-1.4373578220581993
105,FakeGuadalupeV2,8,QCNN,AngleEmbed_ConvSimple_PoolSimple_ReLU_hl1_batch10_lr0.01,2,Test,0.46084370128810404,0.2809013574129483,0.530001280576706,-1.8041449163386503,-3.843523037312214
106,FakeGuadalupeV2,8,QCNN,AngleEmbed_ConvSimple_PoolSimple_ReLU_hl1_batch10_lr0.01,3,Train,0.46255321783944964,0.30354783861626666,0.5509517570679547,-1.055606915664682,-1.236319611547291
107,FakeGuadalupeV2,8,QCNN,AngleEmbed_ConvSimple_PoolSimple_ReLU_hl1_batch10_lr0.01,3,Test,0.44968780390918256,0.26528102735464815,0.5150543926175644,-1.6482123515126208,-3.5741849707945272
108,FakeGuadalupeV2,8,QCNN,AngleEmbed_ConvSimple_PoolSimple_ReLU_hl1_batch10_lr0.01,4,Train,0.6045622537843883,0.4856763566264434,0.6969048404383796,-2.288969811174412,-2.57811001435458
109,FakeGuadalupeV2,8,QCNN,AngleEmbed_ConvSimple_PoolSimple_ReLU_hl1_batch10_lr0.01,4,Test,0.5718557726591825,0.42311872066020334,0.6504757648523143,-3.2238535992647037,-6.29574712600267
110,AerSim with backend noise,8,QCNN,AngleEmbed_ConvSimple_PoolSimple_ReLU_hl1_batch10_lr0.01,0,Train,0.5507202522270381,0.41545397986739574,0.6445571967385019,-1.8134282821741339,-2.0607626366509804
111,AerSim with backend noise,8,QCNN,AngleEmbed_ConvSimple_PoolSimple_ReLU_hl1_batch10_lr0.01,0,Test,0.5150686632841825,0.35206893536524037,0.5933539713908051,-2.514587200281331,-5.070650618667754
112,AerSim with backend noise,8,QCNN,AngleEmbed_ConvSimple_PoolSimple_ReLU_hl1_batch10_lr0.01,1,Train,0.5910483173839748,0.46130727010726136,0.6791960468872454,-2.1239438864120634,-2.39857631598675
113,AerSim with backend noise,8,QCNN,AngleEmbed_ConvSimple_PoolSimple_ReLU_hl1_batch10_lr0.01,1,Test,0.554740185663104,0.40212255372862166,0.6341313379171712,-3.014255841154765,-5.933714634721866
114,AerSim with backend noise,8,QCNN,AngleEmbed_ConvSimple_PoolSimple_ReLU_hl1_batch10_lr0.01,2,Train,0.6572221527807415,0.5615330110610174,0.7493550634118764,-2.8026663150458124,-3.136966650434455
115,AerSim with backend noise,8,QCNN,AngleEmbed_ConvSimple_PoolSimple_ReLU_hl1_batch10_lr0.01,2,Test,0.6278995614498853,0.4945059566976841,0.7032111750375445,-3.936488656886328,-7.526662225530931
116,AerSim with backend noise,8,QCNN,AngleEmbed_ConvSimple_PoolSimple_ReLU_hl1_batch10_lr0.01,3,Train,0.5144965772144496,0.3644338996140303,0.6036836088664577,-1.467923500177755,-1.6848838078856896
117,AerSim with backend noise,8,QCNN,AngleEmbed_ConvSimple_PoolSimple_ReLU_hl1_batch10_lr0.01,3,Test,0.49944366328418255,0.31860558571315667,0.5644515796001962,-2.180533699526593,-4.493649117364115
118,AerSim with backend noise,8,QCNN,AngleEmbed_ConvSimple_PoolSimple_ReLU_hl1_batch10_lr0.01,4,Train,0.6020759855024517,0.48330355873413083,0.6952003730825601,-2.272901372739315,-2.5606289659471666
119,AerSim with backend noise,8,QCNN,AngleEmbed_ConvSimple_PoolSimple_ReLU_hl1_batch10_lr0.01,4,Test,0.5667924921959638,0.41797270343886234,0.6465080845889418,-3.172482619204251,-6.207015433170979
120,noiseless,8,HQCNN-EZ,AngleEmbed_ConvSimple_PoolSimple_ReLU_hl1_batch10_lr0.01,0,Train,0.1484424633765593,0.03510539984277457,0.18736435051197592,0.7622684351074995,0.7413689568751918
121,noiseless,8,HQCNN-EZ,AngleEmbed_ConvSimple_PoolSimple_ReLU_hl1_batch10_lr0.01,0,Test,0.14776489981450142,0.03341402906545778,0.1827950466108362,0.6664388502738638,0.4238489232003103
122,noiseless,8,HQCNN-EZ,AngleEmbed_ConvSimple_PoolSimple_ReLU_hl1_batch10_lr0.01,1,Train,0.2323833726439625,0.08529891823371052,0.2920597853757181,0.4223610781772328,0.371579634500506
123,noiseless,8,HQCNN-EZ,AngleEmbed_ConvSimple_PoolSimple_ReLU_hl1_batch10_lr0.01,1,Test,0.19231992058921604,0.05942864440756428,0.2437799097701947,0.40674358915473485,-0.02471561873273065
124,noiseless,8,HQCNN-EZ,AngleEmbed_ConvSimple_PoolSimple_ReLU_hl1_batch10_lr0.01,2,Train,0.21493231522617862,0.07045924800765246,0.26544160941279055,0.5228543937676985,0.48090752728573793
125,noiseless,8,HQCNN-EZ,AngleEmbed_ConvSimple_PoolSimple_ReLU_hl1_batch10_lr0.01,2,Test,0.176608856767416,0.055199154926914594,0.23494500404757407,0.44896517731330077,0.048212578995701305
126,noiseless,8,HQCNN-EZ,AngleEmbed_ConvSimple_PoolSimple_ReLU_hl1_batch10_lr0.01,3,Train,0.2339510395337129,0.08363178668705246,0.28919160894993556,0.4336507883996974,0.38386184672055
127,noiseless,8,HQCNN-EZ,AngleEmbed_ConvSimple_PoolSimple_ReLU_hl1_batch10_lr0.01,3,Test,0.1637120796367526,0.04983300191316572,0.22323306635255835,0.5025336998451382,0.1407400270052387
128,noiseless,8,HQCNN-EZ,AngleEmbed_ConvSimple_PoolSimple_ReLU_hl1_batch10_lr0.01,4,Train,0.13849202525336296,0.03267975231076222,0.18077541954248708,0.7786947679863605,0.7592393629741725
129,noiseless,8,HQCNN-EZ,AngleEmbed_ConvSimple_PoolSimple_ReLU_hl1_batch10_lr0.01,4,Test,0.12410676279105246,0.03008970533798109,0.17346384446904517,0.6996244694767066,0.4811695381870388
130,FakeGuadalupeV2,8,HQCNN-EZ,AngleEmbed_ConvSimple_PoolSimple_ReLU_hl1_batch10_lr0.01,0,Train,0.23623317673453129,0.08380725894564801,0.28949483405692755,0.4324625012752672,0.38256909479397205
131,FakeGuadalupeV2,8,HQCNN-EZ,AngleEmbed_ConvSimple_PoolSimple_ReLU_hl1_batch10_lr0.01,0,Test,0.17024288587272168,0.0554131499455224,0.2353999786438444,0.446828936146375,0.0445227078891931
132,FakeGuadalupeV2,8,HQCNN-EZ,AngleEmbed_ConvSimple_PoolSimple_ReLU_hl1_batch10_lr0.01,1,Train,0.2779337736382149,0.11089532970481591,0.33300950392566264,0.24902378585436324,0.18300389889650515
133,FakeGuadalupeV2,8,HQCNN-EZ,AngleEmbed_ConvSimple_PoolSimple_ReLU_hl1_batch10_lr0.01,1,Test,0.19445673872251062,0.07144956502717845,0.26730051445363595,0.2867427327841927,-0.2319898251909398
134,FakeGuadalupeV2,8,HQCNN-EZ,AngleEmbed_ConvSimple_PoolSimple_ReLU_hl1_batch10_lr0.01,2,Train,0.2615434951893985,0.10210330277087767,0.3195360742872042,0.30856284055658023,0.24777715620990604
135,FakeGuadalupeV2,8,HQCNN-EZ,AngleEmbed_ConvSimple_PoolSimple_ReLU_hl1_batch10_lr0.01,2,Test,0.21123600187711417,0.07755611020117914,0.27848897680371326,0.22578312132566503,-0.33728369952839676
136,FakeGuadalupeV2,8,HQCNN-EZ,AngleEmbed_ConvSimple_PoolSimple_ReLU_hl1_batch10_lr0.01,3,Train,0.2685918280738406,0.1072077584342759,0.32742595870559177,0.2739957871055765,0.21017124091705575
137,FakeGuadalupeV2,8,HQCNN-EZ,AngleEmbed_ConvSimple_PoolSimple_ReLU_hl1_batch10_lr0.01,3,Test,0.21059131398797035,0.0714495644752721,0.26730051342126543,0.28674273829369035,-0.2319898156745348
138,FakeGuadalupeV2,8,HQCNN-EZ,AngleEmbed_ConvSimple_PoolSimple_ReLU_hl1_batch10_lr0.01,4,Train,0.21379636361496523,0.06788454591520415,0.2605466290612952,0.5402901147767476,0.4998760589329452
139,FakeGuadalupeV2,8,HQCNN-EZ,AngleEmbed_ConvSimple_PoolSimple_ReLU_hl1_batch10_lr0.01,4,Test,0.15099876741878687,0.03662939720913437,0.19138808011246253,0.6343408984615728,0.3684070064336258
140,AerSim with backend noise,8,HQCNN-EZ,AngleEmbed_ConvSimple_PoolSimple_ReLU_hl1_batch10_lr0.01,0,Train,0.2188864265126176,0.07221142241139918,0.26872183091702684,0.510988778653418,0.4679987811723998
141,AerSim with backend noise,8,HQCNN-EZ,AngleEmbed_ConvSimple_PoolSimple_ReLU_hl1_batch10_lr0.01,0,Test,0.16082599232904612,0.04980250189408649,0.2231647416015498,0.5028381714014059,0.14126593242061014
142,AerSim with backend noise,8,HQCNN-EZ,AngleEmbed_ConvSimple_PoolSimple_ReLU_hl1_batch10_lr0.01,1,Train,0.2757317185169086,0.11328123043585499,0.33657277138214103,0.23286661581760537,0.16542631830706522
143,AerSim with backend noise,8,HQCNN-EZ,AngleEmbed_ConvSimple_PoolSimple_ReLU_hl1_batch10_lr0.01,1,Test,0.20779465129598976,0.07236144399136168,0.26900082526148816,0.27763974807354397,-0.24771316241842412
144,AerSim with backend noise,8,HQCNN-EZ,AngleEmbed_ConvSimple_PoolSimple_ReLU_hl1_batch10_lr0.01,2,Train,0.3124084614403546,0.15047652565982358,0.38791303878552935,-0.01901758945665999,-0.1086015533649376
145,AerSim with backend noise,8,HQCNN-EZ,AngleEmbed_ConvSimple_PoolSimple_ReLU_hl1_batch10_lr0.01,2,Test,0.2684418555349112,0.10336126519599043,0.3214984684193541,-0.031821166743522644,-0.7822365607388118
146,AerSim with backend noise,8,HQCNN-EZ,AngleEmbed_ConvSimple_PoolSimple_ReLU_hl1_batch10_lr0.01,3,Train,0.26121357720403465,0.10256164343472562,0.32025246827265147,0.3054589863416034,0.2444004356903159
147,AerSim with backend noise,8,HQCNN-EZ,AngleEmbed_ConvSimple_PoolSimple_ReLU_hl1_batch10_lr0.01,3,Test,0.2086511735804379,0.07734117913259544,0.2781028211518097,0.22792870676847998,-0.33357768830898915
148,AerSim with backend noise,8,HQCNN-EZ,AngleEmbed_ConvSimple_PoolSimple_ReLU_hl1_batch10_lr0.01,4,Train,0.18770885990932584,0.05523589744502288,0.23502318490953797,0.6259459685217157,0.5930620976225258
149,AerSim with backend noise,8,HQCNN-EZ,AngleEmbed_ConvSimple_PoolSimple_ReLU_hl1_batch10_lr0.01,4,Test,0.14645793747040442,0.04101918756313673,0.20253194208108688,0.5905190799472821,0.2927147744543964
150,noiseless,8,HQCNN-EM,AngleEmbed_ConvSimple_PoolSimple_ReLU_hl1_batch10_lr0.01,0,Train,0.12461644259281457,0.027251904393445124,0.1650815083328388,0.815451813488233,0.7992277970915942
151,noiseless,8,HQCNN-EM,AngleEmbed_ConvSimple_PoolSimple_ReLU_hl1_batch10_lr0.01,0,Test,0.14548630872741342,0.03804889077386766,0.19506124877552605,0.6201705658580509,0.3439309773911787
152,noiseless,8,HQCNN-EM,AngleEmbed_ConvSimple_PoolSimple_ReLU_hl1_batch10_lr0.01,1,Train,0.18517840213142336,0.04983763218163558,0.22324343704045496,0.6625026821474693,0.6328325882703238
153,noiseless,8,HQCNN-EM,AngleEmbed_ConvSimple_PoolSimple_ReLU_hl1_batch10_lr0.01,1,Test,0.21272633001208305,0.05641603460283323,0.23752059827061994,0.4368174718395721,0.027230178631988178
154,noiseless,8,HQCNN-EM,AngleEmbed_ConvSimple_PoolSimple_ReLU_hl1_batch10_lr0.01,2,Train,0.17997176627628506,0.050432064719532786,0.22457084565796331,0.6584772223011144,0.6284532418440696
155,noiseless,8,HQCNN-EM,AngleEmbed_ConvSimple_PoolSimple_ReLU_hl1_batch10_lr0.01,2,Test,0.19610309079289437,0.056439599014491984,0.2375701980773093,0.4365822361476981,0.02682386243693302
156,noiseless,8,HQCNN-EM,AngleEmbed_ConvSimple_PoolSimple_ReLU_hl1_batch10_lr0.01,3,Train,0.21403433271683753,0.0686692370443743,0.2620481578725069,0.5349762356889047,0.49409502563957775
157,noiseless,8,HQCNN-EM,AngleEmbed_ConvSimple_PoolSimple_ReLU_hl1_batch10_lr0.01,3,Test,0.2113619724288583,0.07616720804320348,0.27598407208243647,0.23964807008009104,-0.3133351516798428
158,noiseless,8,HQCNN-EM,AngleEmbed_ConvSimple_PoolSimple_ReLU_hl1_batch10_lr0.01,4,Train,0.2185014242026955,0.07493545745932186,0.2737434153716247,0.4925417842404497,0.44793007296488485
159,noiseless,8,HQCNN-EM,AngleEmbed_ConvSimple_PoolSimple_ReLU_hl1_batch10_lr0.01,4,Test,0.19318695184774698,0.05184309767971858,0.22769079401618014,0.4824675816994477,0.10608036838995516
160,FakeGuadalupeV2,8,HQCNN-EM,AngleEmbed_ConvSimple_PoolSimple_ReLU_hl1_batch10_lr0.01,0,Train,0.15857265666127204,0.03902296851498413,0.19754232082008183,0.7357389058843792,0.7125071613467422
161,FakeGuadalupeV2,8,HQCNN-EM,AngleEmbed_ConvSimple_PoolSimple_ReLU_hl1_batch10_lr0.01,0,Test,0.1962527851574123,0.06080259652021595,0.2465818252025399,0.393027881735347,-0.04840638609349157
162,FakeGuadalupeV2,8,HQCNN-EM,AngleEmbed_ConvSimple_PoolSimple_ReLU_hl1_batch10_lr0.01,1,Train,0.2500376672949642,0.09765305717817008,0.3124948914433164,0.3386996244601562,0.28056332770940073
163,FakeGuadalupeV2,8,HQCNN-EM,AngleEmbed_ConvSimple_PoolSimple_ReLU_hl1_batch10_lr0.01,1,Test,0.23613755614496768,0.08359007154585066,0.2891194762478838,0.16554809011799954,-0.4413260261598191
164,FakeGuadalupeV2,8,HQCNN-EM,AngleEmbed_ConvSimple_PoolSimple_ReLU_hl1_batch10_lr0.01,2,Train,0.17862379798549227,0.052009019045236714,0.22805485972729614,0.6477981865603849,0.6168353897744847
165,FakeGuadalupeV2,8,HQCNN-EM,AngleEmbed_ConvSimple_PoolSimple_ReLU_hl1_batch10_lr0.01,2,Test,0.20184057094156743,0.05718857469989229,0.23914132787933642,0.4291054607414867,0.013909432189840643
166,FakeGuadalupeV2,8,HQCNN-EM,AngleEmbed_ConvSimple_PoolSimple_ReLU_hl1_batch10_lr0.01,3,Train,0.22145271084737034,0.07462273205212265,0.27317161648334304,0.49465954107467114,0.4502340062240928
167,FakeGuadalupeV2,8,HQCNN-EM,AngleEmbed_ConvSimple_PoolSimple_ReLU_hl1_batch10_lr0.01,3,Test,0.24313015468651428,0.10235509562025658,0.3199298292129957,-0.021776910187578213,-0.7648873903239988
168,FakeGuadalupeV2,8,HQCNN-EM,AngleEmbed_ConvSimple_PoolSimple_ReLU_hl1_batch10_lr0.01,4,Train,0.2172144588897936,0.07313273915287184,0.27043065497992613,0.5047496794922375,0.4612111897772694
169,FakeGuadalupeV2,8,HQCNN-EM,AngleEmbed_ConvSimple_PoolSimple_ReLU_hl1_batch10_lr0.01,4,Test,0.18839447069913148,0.05677462283737809,0.23827425970376676,0.43323780464173944,0.02104711710845908
170,AerSim with backend noise,8,HQCNN-EM,AngleEmbed_ConvSimple_PoolSimple_ReLU_hl1_batch10_lr0.01,0,Train,0.16578881423687564,0.04198345776581935,0.20489865242558172,0.7156906584466466,0.6906964306177803
171,AerSim with backend noise,8,HQCNN-EM,AngleEmbed_ConvSimple_PoolSimple_ReLU_hl1_batch10_lr0.01,0,Test,0.2146733787143603,0.06679871883091962,0.2584544811585197,0.3331705850310577,-0.15179626221908227
172,AerSim with backend noise,8,HQCNN-EM,AngleEmbed_ConvSimple_PoolSimple_ReLU_hl1_batch10_lr0.01,1,Train,0.191570732438704,0.055657355587108166,0.23591811203701205,0.6230918804297596,0.589957100687321
173,AerSim with backend noise,8,HQCNN-EM,AngleEmbed_ConvSimple_PoolSimple_ReLU_hl1_batch10_lr0.01,1,Test,0.22511319238692523,0.07111655571405447,0.26667687510178767,0.2900670541085546,-0.22624781563067842
174,AerSim with backend noise,8,HQCNN-EM,AngleEmbed_ConvSimple_PoolSimple_ReLU_hl1_batch10_lr0.01,2,Train,0.3122011055238545,0.15013398104048445,0.3874712647932546,-0.01669789878896477,-0.10607793384733522
175,AerSim with backend noise,8,HQCNN-EM,AngleEmbed_ConvSimple_PoolSimple_ReLU_hl1_batch10_lr0.01,2,Test,0.2640394065529108,0.10155739985973684,0.3186807177407143,-0.013813778459603299,-0.7511328900665875
176,AerSim with backend noise,8,HQCNN-EM,AngleEmbed_ConvSimple_PoolSimple_ReLU_hl1_batch10_lr0.01,3,Train,0.2727408345043659,0.10760082735559656,0.32802565045373594,0.2713339490352318,0.20727539510426318
177,AerSim with backend noise,8,HQCNN-EM,AngleEmbed_ConvSimple_PoolSimple_ReLU_hl1_batch10_lr0.01,3,Test,0.26422304976731537,0.10320130113242816,0.3212495932019653,-0.030224298648023895,-0.7794783340284048
178,AerSim with backend noise,8,HQCNN-EM,AngleEmbed_ConvSimple_PoolSimple_ReLU_hl1_batch10_lr0.01,4,Train,0.20098486949689687,0.06331091740057267,0.25161660795856194,0.5712624400853878,0.5335712260269605
179,AerSim with backend noise,8,HQCNN-EM,AngleEmbed_ConvSimple_PoolSimple_ReLU_hl1_batch10_lr0.01,4,Test,0.19420262472704053,0.05813547557659364,0.24111299337985426,0.419652863914853,-0.0024177805107084005
