,Device,Qubits,sim_iter_num,Dataset,Diff_mae_HQCNN-EZ,%_mae_improve_HQCNN-EZ,Diff_mae_HQCNN-EM,%_mae_improve_HQCNN-EM,Diff_mse_HQCNN-EZ,%_mse_improve_HQCNN-EZ,Diff_mse_HQCNN-EM,%_mse_improve_HQCNN-EM,Diff_rmse_HQCNN-EZ,%_rmse_improve_HQCNN-EZ,Diff_rmse_HQCNN-EM,%_rmse_improve_HQCNN-EM,Diff_r-squared_HQCNN-EZ,%_r-squared_improve_HQCNN-EZ,Diff_r-squared_HQCNN-EM,%_r-squared_improve_HQCNN-EM,Diff_adj r-squared_HQCNN-EZ,%_adj r-squared_improve_HQCNN-EZ,Diff_adj r-squared_HQCNN-EM,%_adj r-squared_improve_HQCNN-EM
0,noiseless,4,0,Train,0.20856980687240137,60.74493268314895,0.24682690037880092,71.88712341798002,0.15833800164266554,83.63984513817577,0.17349572299756016,91.64670043266239,0.2591102507124779,59.552311732530086,0.3093448525811192,71.09792469849677,0.8123111238937505,2820.6357322255185,0.8900737932575463,3090.655626560304,0.846513697531382,2939.399342003435,0.9275505845526008,3220.788495047053
1,noiseless,4,0,Test,0.31669480409473183,75.40740897572371,0.3386654529720545,80.63878531639371,0.19767976236413967,90.4385328604309,0.2062860946452302,94.37593168923681,0.32295832338633235,69.07837788930033,0.3566504929581288,76.28488180345036,1.4805422555959606,-232.3986107970752,1.5450002378166314,-242.51648853156556,1.8753535237548835,-294.37157367629527,1.9570003012343997,-307.18755213998304
2,noiseless,4,1,Train,0.26532803408801553,71.25423498553064,0.26345960126956924,70.75246459568905,0.1895616789939346,90.5992303879136,0.19009921350630893,90.85613997737558,0.3171703867690029,69.33932549325372,0.31910004179012985,69.76118384819864,0.9724959195724581,-1324.8510017102437,0.9752535978262475,-1328.6078429713707,1.013443116186035,-1380.6342017822537,1.0163169072084053,-1384.5492258333231
3,noiseless,4,1,Test,0.30322973104193807,76.66697003910987,0.29273832621984186,74.01437981848741,0.20483894864791688,94.84769923261969,0.20124509361750942,93.18361687299178,0.3592359391873803,77.30131993401311,0.34339114494274836,73.89179606520545,1.534161693833094,-248.44717052793658,1.5072451588809577,-244.08821868071223,1.943271478855252,-314.6997493353863,1.909177201249213,-309.17841032890215
4,noiseless,4,2,Train,0.23072931081929712,65.571388563908,0.23343997685704382,66.34173774666651,0.17038724160377428,86.19879305852506,0.17370435610169832,87.87691909347141,0.2794302334546942,62.85002430488691,0.2897972056746865,65.1817850737167,0.8741265538810667,-6207.347578775857,0.8911441300658028,-6328.192792615829,0.9109318824655326,-6468.709582092734,0.9286659881738364,-6594.643015462809
5,noiseless,4,2,Test,0.3326370314694941,77.00978462494388,0.34528865702450273,79.93879993885069,0.21919330967004647,92.40324493558651,0.22287796624493345,93.95655066606396,0.3528053956251319,72.43778843341215,0.36731344355258316,75.41657197635764,1.6416701094198873,-211.38194616294777,1.6692667115770197,-214.93529311005187,2.0794488052651907,-267.7504651397339,2.114404501330892,-272.25137127273246
6,noiseless,4,3,Train,0.2632145443279296,67.77155785203149,0.29128707385680175,74.99957431243095,0.2092748839888983,87.95276435405705,0.2206619458354713,92.7384488479968,0.3184830158302072,65.29087202774616,0.3563446848195273,73.05273455060198,1.0736292895713122,-486.4907940776755,1.1320475903612401,-512.9617238632333,1.1188347333427355,-506.974616986209,1.1797127520606607,-534.560112236422
7,noiseless,4,3,Test,0.3629253251478076,79.23021338650445,0.3715018330141902,81.1025504797833,0.24301976039753104,94.07504245052633,0.24635337748869754,95.36551433994094,0.38454115519184096,75.65876430935833,0.39884036357082414,78.47214441692098,1.8201206836265431,-194.71653584048815,1.8450881406308532,-197.38755473520177,2.3054861992602875,-246.64094539795164,2.3371116447990805,-250.02423599792226
8,noiseless,4,4,Train,0.24828264770098032,66.24753599650795,0.28180098099634054,75.1910002784001,0.18258663708292067,86.1321867310459,0.19753430643517514,93.18349929373697,0.2889602226777782,62.76048702123765,0.34020967318130557,73.89157088934108,0.9367123169302543,-1070.1764030058644,1.0133973702033416,-1157.7876503363682,0.9761528355378438,-1115.2364620797953,1.0560667331592717,-1206.5366040347415
9,noiseless,4,4,Test,0.28537325374782085,70.19488988294384,0.3058723084628582,75.23715950537327,0.20085114957621722,90.57202693299574,0.203649923833114,91.83410911629358,0.326318719211124,69.29499541279263,0.3363443574662556,71.42397703719703,1.5042946757738458,-227.61918388524177,1.5252563741371659,-230.79095917046178,1.9054399226468712,-288.31763292130626,1.9319914072404099,-292.33521494925157
10,noiseless,8,0,Train,0.34069611902814356,69.50567428677546,0.3635757163888774,74.17335834054177,0.3053892986850936,88.3703582083448,0.3189374952305528,92.29079349194606,0.3873861735963071,65.89773938335581,0.4246376755644661,72.2345421286557,2.0680771677002645,-154.30664980340018,2.1598247045649126,-161.15226236680414,2.2498861494761115,-167.87206956633642,2.3496994038673225,-175.31949422322649
11,noiseless,8,0,Test,0.29061177819967265,62.77131824380642,0.3096163849812001,66.87625930218987,0.22960412904608568,82.0616471055727,0.23851217832650634,85.2454278132019,0.3049237304147263,57.64630725140098,0.3257752482087546,61.58831924167064,2.2920617300130792,-127.82695087535927,2.3809878261140103,-132.78630758420599,3.9590157154771366,-220.79200605743873,4.112615336015108,-229.35816764544668
12,noiseless,8,1,Train,0.24858866330003368,51.045925507923165,0.3297038321662694,67.70235228355206,0.2442421665608368,73.12052724269206,0.29578466874850534,88.5511753917748,0.27830966598749146,48.1545828859407,0.3823945411960738,66.16388821358873,1.653992625900636,-131.06032761081195,2.0030352164544523,-158.71803028237022,1.7993985710347573,-142.58211465352068,2.1791262244944036,-172.67126371378734
13,noiseless,8,1,Test,0.27490768448915337,59.827276206110746,0.314024017425254,68.34003807774411,0.2248768614316292,78.83476130179564,0.24918251392216648,87.3555593073231,0.288377565740625,53.99430611521618,0.344172073143162,64.44097766715613,2.2448709881407884,-121.50431055627963,2.4875062409474817,-134.63701584966594,3.877504434061362,-209.8710818699376,4.296601688909287,-232.55484555851393
14,noiseless,8,2,Train,0.37267061792779715,62.86285597425765,0.4288266206067055,72.33536745939486,0.388462710064558,83.97032481065557,0.4196375387658323,90.70909387172583,0.4078444416423572,59.96292319693603,0.47284123642200443,69.51901227277212,2.630645096755296,-123.3407569334348,2.8417590805185364,-133.23907373364023,2.8619105997667504,-134.18390040011036,3.091584054630056,-144.95239889703714
15,noiseless,8,2,Test,0.38749728524126115,67.48877438173253,0.36135678328573706,62.9359929664945,0.3595516033185922,86.12925727162668,0.3520398424253457,84.32984272148744,0.40547525137668133,62.75655396130306,0.390342728591679,60.414450517249904,3.5892841882036635,-113.32233556426903,3.5142967751290346,-110.9548025571397,6.1996726887154185,-195.73857961101012,6.070148975222878,-191.64920441687767
16,noiseless,8,3,Train,0.2079514040565118,47.06704117135835,0.2512134488299489,56.858830997192655,0.20329586896461987,71.2630022738334,0.22615492812430218,79.27597958208177,0.24779104578960864,46.3930995802158,0.2909646838898602,54.47635733169168,1.376706867934652,-147.7363130030921,1.5315069821717788,-164.34812679040894,1.497736043137698,-160.72412073962766,1.6661449586264405,-178.7963137609943
17,noiseless,8,3,Test,0.2598924064077437,61.16094818257123,0.19192136214114724,45.165199889016264,0.18216985723507834,78.91872981220158,0.1516997527534178,65.71862097183146,0.2598545431978482,54.085655631601995,0.19914508067263276,41.44969767100384,1.8185411554452515,-139.42431660202715,1.514368226665316,-116.10391904215112,3.1411165412236164,-240.82381958531963,2.615726936967364,-200.54313289098832
18,noiseless,8,4,Train,0.37062817863887176,71.81660259463845,0.29568792346864936,57.2954333093838,0.33949643132683127,90.38515644395059,0.2993275022580183,79.6908615911856,0.4228330959224438,68.99218879693471,0.3366766129831872,54.93433856158949,2.2990485297480108,-148.93944453753886,2.0270270626701974,-131.3170561083148,2.5011626862093737,-162.03302207930048,2.205227244003841,-142.86141268926553
19,noiseless,8,4,Test,0.31965887220576406,65.22086597780525,0.2905682990327477,59.285437497304514,0.27611897968582483,85.80183505543322,0.26819011219609595,83.33800087313912,0.3535282583242863,62.3195475815818,0.3357231725366795,59.18088789934196,2.756404028522968,-124.58191533267917,2.6772527788871012,-121.00449555728608,4.761061503812399,-215.18694466553674,4.624345708986811,-209.00776505349415
20,FakeGuadalupeV2,4,0,Train,0.2863670620275661,67.70084229861308,0.32566444303141906,76.99124663231491,0.23741908551465568,88.91217047458152,0.2507448449451353,93.90259570352939,0.3446779548704193,66.70160735798426,0.3891463854001954,75.30707733687522,1.2180156512488733,-329.27457734021056,1.2863799258223239,-347.7559635130911,1.2693005207751415,-343.13877007032465,1.340543291120106,-362.39831987153707
21,FakeGuadalupeV2,4,0,Test,0.38635862637311225,76.70179659130754,0.4296680830419064,85.29980090422762,0.29265053851869777,92.84781220323751,0.30472460117634875,96.67849130549406,0.41127712014249007,73.25642545065732,0.4591021679605564,81.77499329353776,2.1918353361924385,-161.0843816730933,2.282265230216878,-167.73033874986672,2.776324759177088,-204.04021678591812,2.890869291608045,-212.45842908316445
22,FakeGuadalupeV2,4,1,Train,0.309294062834233,74.75192567692282,0.28132777432911094,67.9928760506948,0.23934131980646717,92.54885792395447,0.22785467247435887,88.10718402986268,0.36972341336793957,72.70321983081975,0.3331636988236285,65.51403768177937,1.2278771644786055,-375.80330340035397,1.1689479667666531,-357.7674706578434,1.2795772556145466,-391.62660038563195,1.218166828525249,-372.83136415922627
23,FakeGuadalupeV2,4,1,Test,0.3458606900181621,73.63055382030977,0.366405975073576,78.00445568509475,0.26567174247287184,92.30915663749542,0.2702062876841804,93.8847101393257,0.3876984849965342,72.26763017247791,0.4038102415583863,75.2708878835606,1.9897749579663033,-172.19209534542355,2.023736885656634,-175.13110885926574,2.520381613423984,-218.10998743753646,2.5634000551650695,-221.8327378884033
24,FakeGuadalupeV2,4,2,Train,0.26239940220722924,65.85835111157277,0.2705071878712624,67.89328484430122,0.2165255602539286,86.95481822663027,0.21914101051782497,88.00516074513565,0.3187759050313206,63.88188574500362,0.3261839216005977,65.36643354364969,1.1108269611645694,-400.332581797558,1.1242448350881555,-405.16826935093883,1.157598622687288,-417.1886905048236,1.1715814597234462,-422.22798595518884
25,FakeGuadalupeV2,4,2,Test,0.37382917003706095,74.72820035556977,0.40268557821400464,80.49657699556008,0.28105779989485513,91.4530820003986,0.2891972390027563,94.10156495461872,0.39229833877335407,70.76488755006847,0.4197308185247246,75.71330601876559,2.1050103664261255,-161.7076800949878,2.1659715057556013,-166.39073751558072,2.6663464641397585,-204.82972812031787,2.7435639072904277,-210.76160085306887
26,FakeGuadalupeV2,4,3,Train,0.2939501574775204,68.34335626841349,0.3301790451817215,76.76656583844375,0.24848379293226755,87.86757722795954,0.26478375584738406,93.631487354071,0.34655453215554155,65.16837245829524,0.3975829454074823,74.76408779946917,1.274780198134085,-282.7836302676615,1.3584028348835746,-301.3335832926515,1.3284551538449936,-294.69030943682617,1.415598743720778,-314.02131311550005
27,FakeGuadalupeV2,4,3,Test,0.3749259445816278,72.22622514925042,0.44908428881317375,86.51218573578731,0.28876443068029556,88.87241854085944,0.3174268891082703,97.69380279452189,0.3798710328030105,66.64197029328537,0.4834538585906002,84.81383127488006,2.162729944746455,-150.8682668281284,2.3774002799611917,-165.8432947977243,2.7394579300121764,-191.09980464896267,3.0113736879508424,-210.06817341045073
28,FakeGuadalupeV2,4,4,Train,0.28767336819320916,69.34971277362911,0.30266279626637693,72.96322951327042,0.23006474706002916,87.36997057250258,0.2423990328868058,92.05407017267787,0.33078259378637964,64.46124731015811,0.3685002495986462,71.81147427174999,1.1802861682846084,-336.3539502991499,1.2435639504874372,-354.38663811843,1.229982428001855,-350.51622189069303,1.2959245378763815,-369.30818077604806
29,FakeGuadalupeV2,4,4,Test,0.36285053947940465,76.68895464863962,0.38566551499534396,81.51093073047761,0.2728492884096718,93.08836845590419,0.2814479699877491,96.02199252229073,0.3990618583263216,73.71001798384829,0.43341354029892515,80.05505708779974,2.0435319026521155,-170.96962688845318,2.107932584171082,-176.35763207514503,2.588473743359346,-216.56152739204072,2.670047939950037,-223.38633396185034
30,FakeGuadalupeV2,8,0,Train,0.35219927729689515,59.86348199432959,0.43042628814466294,73.1597649716736,0.38890134156421563,82.36684819573159,0.43035281305432893,91.14600808750095,0.39859563400557385,58.00815340537117,0.48267504369536346,70.24434186159033,2.633615481747114,-119.8502534141529,2.9143222456232056,-132.6246227246257,2.8651421175051017,-130.38653942858392,3.170526399084586,-144.28393021690047
31,FakeGuadalupeV2,8,0,Test,0.3825226796790957,69.02498928306807,0.3865065603982657,69.74386776676063,0.3560598585404862,87.5569532037466,0.3623336400429755,89.09970839012358,0.41275299983373304,64.72529688820417,0.4271593586545401,66.98441033409152,3.554427260281155,-116.17444928611303,3.617056336439595,-118.22144529959434,6.139465267758358,-200.66495785783155,6.247642762941119,-204.20067824475385
32,FakeGuadalupeV2,8,1,Train,0.3190064493659884,53.33600102929663,0.34310339187271893,57.36486800956061,0.3577419205929484,76.22744083155764,0.3705008845459305,78.94611346624885,0.35104504730889075,51.24288855106124,0.3707240901457439,54.11548569097505,2.422605838164656,-111.22420491893506,2.509008741436921,-115.19104676656549,2.6355821755857245,-121.00215699972054,2.72958093848632,-125.31773219659318
33,FakeGuadalupeV2,8,1,Test,0.37282731528393925,65.8796494436914,0.3551773242652416,62.7608457151863,0.3355296854621394,82.52565750208369,0.3351839857025041,82.44063045023603,0.37108775542472133,58.197676502476206,0.37044006072486607,58.09609857093976,3.349481363972912,-109.50615534030746,3.3460303581376647,-109.39332999810978,5.785467810498666,-189.14699558780376,5.779506982237784,-188.95211545128052
34,FakeGuadalupeV2,8,2,Train,0.22515559654682876,46.37216193029823,0.31642425757832826,65.16949672199168,0.23134357472711503,69.73951330905749,0.2872001037098929,86.57770365424898,0.2591252717719705,44.990467470680585,0.3649461197071264,63.36354773487063,1.5666441713815673,-125.69125443662203,1.944901080689272,-156.0386596092197,1.7043711315030237,-136.74103504643494,2.1158813954751414,-169.75634397046974
35,FakeGuadalupeV2,8,2,Test,0.26823315490037203,58.0171451042146,0.2614563271403313,56.55135986358473,0.21429298841761346,75.91863056385219,0.22266343321662008,78.88406919552826,0.27057012138517117,50.927228083031814,0.2871500083725108,54.047926266084836,2.139215700531068,-117.68323708616076,2.222775069723157,-122.28003256263442,3.6950089372809356,-203.27104587609583,3.8393387567945445,-211.21096533545946
36,FakeGuadalupeV2,8,3,Train,0.1911002519156318,41.11889254876907,0.25911169417086055,55.752861673070406,0.197850659940231,64.29780828572127,0.2376905852960323,77.24504780172087,0.22326590418275705,40.24868895640973,0.29010451827405837,52.29784889726762,1.3398322541050884,-123.62454149511184,1.6096257286831717,-148.51802684814666,1.4576197050154258,-134.49263305512167,1.7511312872487252,-161.57455668095076
37,FakeGuadalupeV2,8,3,Test,0.2329648667946458,51.58745389702477,0.19861255823634566,43.980520892960286,0.1938901876557403,72.79943410411452,0.18328667350001357,68.81816078964198,0.24692103083699624,47.84583823328624,0.22789567410843448,44.15929870573076,1.9355413197363531,-116.68805872396877,1.8296899611350672,-110.30659353770183,3.3432077340900648,-201.5521014323097,3.160373569233298,-190.52957065603042
38,FakeGuadalupeV2,8,4,Train,0.401572113801958,66.36679866436104,0.38616445305757224,63.82041388472538,0.42653557320818486,87.37794340364897,0.41524880109561524,85.06579174078958,0.4504545752127419,64.47246617572361,0.4286749163428888,61.35519665050626,2.8884721369146273,-125.27407010597067,2.812038824406481,-121.9591299937891,3.142403753346682,-136.28717517023182,3.059251028749908,-132.68081175148484
39,FakeGuadalupeV2,8,4,Test,0.4169300843030214,72.78396464598356,0.3629419326782226,63.35919088390251,0.3781910353111984,89.0566679524421,0.3618917227031514,85.21849534850011,0.4360875973290727,66.91929255962336,0.401119317002949,61.55327757597551,3.7753554444869457,-116.54946119650673,3.6126448224714087,-111.52640161822207,6.521068495022906,-201.31270570305708,6.240022875177888,-192.63651188601995
40,AerSim with backend noise,4,0,Train,0.26078754913993185,62.13118438273481,0.3264477359969169,77.77435902688616,0.22790515469645034,84.65041503921614,0.25250479956163635,93.78741832652156,0.3155871588950234,60.821453624740165,0.3895449458559389,75.07494900009546,1.1692069524184765,-306.7028026019129,1.295408906216799,-339.80771430614044,1.2184367188360963,-319.6166048167302,1.3499524391101376,-354.1154075400831
41,AerSim with backend noise,4,0,Test,0.35852269278839227,71.0718537462308,0.4098113933578133,81.23908471661622,0.28445504810227107,88.97001648963129,0.30461799581197213,95.27645331393651,0.3776480127864626,66.78858101440301,0.4425472728305305,78.26627807745882,2.130454395008888,-152.76721050320373,2.281466798729784,-163.59576600848533,2.698575567011258,-193.50513330405803,2.8898579450577264,-207.22130361074812
42,AerSim with backend noise,4,1,Train,0.32743877566885204,77.1970712583529,0.30118710949551314,71.0079699825674,0.25257173905486957,93.58526947808102,0.2414991115871317,89.48253482820978,0.38792733059221873,74.67268170153226,0.3510253043169384,67.56935836004749,1.2957523215335072,-336.93652666910856,1.2389471429316363,-322.1653861842657,1.3503103140191284,-351.12332779201836,1.2911133384234945,-335.73024454991895
43,AerSim with backend noise,4,1,Test,0.36039575655013323,74.91003957935153,0.3611195059493184,75.060474469755,0.2804921434876934,93.01478999387427,0.28063146861338134,93.06099199135481,0.4040059588392022,73.57045213000093,0.40448673761845055,73.65800309649023,2.100773826464038,-166.92184229439056,2.1018173158601208,-167.00475515736258,2.6609801801877815,-211.43433357289473,2.6623019334228197,-211.53935653265927
44,AerSim with backend noise,4,2,Train,0.2770846637198702,65.68524479543775,0.3096088267955929,73.3953705913404,0.2360151498989743,86.42263275932508,0.2516140320850705,92.13453925008221,0.33002503438807246,63.15252079086695,0.37602315072454967,71.95457122824152,1.2108131319167024,-301.92049245518507,1.2908390599227288,-321.8752377051935,1.2617947374710898,-314.6329342427718,1.3451901782352647,-335.4278792927806
45,AerSim with backend noise,4,2,Test,0.3827028660220094,74.19195628325753,0.419446617923677,81.31521319300484,0.3038912348773999,91.47587953864239,0.3175437496215812,95.58549393618205,0.4080966145419305,70.80390358051679,0.4552751145186311,78.98927401583194,2.2760236503746754,-152.94691882027016,2.378275518406939,-159.81816031926652,2.882963290474589,-193.7327638390089,3.0124823233154565,-202.43633640440427
46,AerSim with backend noise,4,3,Train,0.3225414209067822,71.91140815493691,0.34754857142688705,77.48681426181003,0.2775012350711867,90.63890261041576,0.28756494792950904,93.92596506053665,0.38402562266529533,69.40408950597444,0.4169500239792119,75.35444271382093,1.4236464891814,-249.46523674478905,1.4752756989584483,-258.51221093244965,1.4835894992521956,-259.9690361866749,1.5373925704935407,-269.3969356032896
47,AerSim with backend noise,4,3,Test,0.411835372261703,77.61356970448996,0.44329969473183156,83.5432652812168,0.3253165758255779,93.2528382145457,0.3371880534795246,96.65582800140686,0.437218697780581,74.02470060720321,0.4826283297015244,81.71292259929669,2.4364908739030784,-151.07403975864443,2.5254034873786786,-156.5870453057328,3.086221773610566,-191.36045036094964,3.198844417346326,-198.34359072059488
48,AerSim with backend noise,4,4,Train,0.2902466305997223,68.60896928420354,0.3003723064158112,71.00249295616624,0.2377581416753051,88.28473412300494,0.2443506018330584,90.73265699177712,0.3413255319135471,65.77242942159778,0.36096910810939536,69.55768897041014,1.219755088958475,-319.62979317021967,1.2535759573818033,-328.49235687406633,1.2711131979672528,-333.08788972475526,1.3063581029557738,-342.323614005606
49,AerSim with backend noise,4,4,Test,0.3892821155488491,80.10074762332505,0.4000945946201682,82.32558052132018,0.2860161848734468,92.95305780503688,0.29364460146109006,95.43223445843448,0.40745388009606953,73.45392270981809,0.4361529980622233,78.62766849039275,2.1421466842389445,-164.2062014109232,2.199280469540094,-168.58579031842237,2.7133858000359963,-207.9945217871694,2.7857552614174517,-213.5420010700016
50,AerSim with backend noise,8,0,Train,0.33587449753191323,60.97632949895944,0.38578923646826296,70.03809986438651,0.34718871025020864,83.23740349029892,0.37459278321577505,89.8074439650268,0.38141798468611876,59.05784994690546,0.439649103042553,68.074217261008,2.3511401599312367,-128.85644401029973,2.536718822464923,-139.02725685498254,2.557833800364752,-140.18448304417223,2.7597270705937067,-151.24943328179415
51,AerSim with backend noise,8,0,Test,0.36618731459602716,71.16231542843818,0.2982032772153616,57.950766804699626,0.3107653699163439,87.86897768266554,0.2910268144142548,82.28789671032935,0.38756878731548144,65.17038283682339,0.34441650907489824,57.91425028626597,3.10226743028493,-122.59210609236403,2.9052239892107643,-114.80555287739831,5.358461925037606,-211.75000143226512,5.018114163182229,-198.3005004245971
52,AerSim with backend noise,8,1,Train,0.31546335358405486,53.33810226868992,0.4020437868370209,67.97700073612702,0.35044454267832326,75.67559640709764,0.4036899544968743,87.17350208003313,0.3448817753426008,50.68022344646891,0.4367886619038731,64.18589953668126,2.3731884528328986,-111.10420806508449,2.7337630405504934,-127.98502255284086,2.581820404730296,-120.87161097190508,2.974093857302185,-139.23645310693675
53,AerSim with backend noise,8,1,Test,0.34757722502108657,62.29942543674778,0.3826820222893729,68.59157734559356,0.3312526721669518,81.85582986871442,0.3499141810667619,86.46727432168616,0.3651718054074762,57.40402585773442,0.40212613314383294,63.213146807162424,3.3067853613644873,-108.78414756125765,3.4930770040769223,-114.91263046402953,5.71172016962957,-187.89989124217232,6.033496643405594,-198.4854526196874
54,AerSim with backend noise,8,2,Train,0.33509560961276297,50.75177046539522,0.33725495811551814,51.07881372237274,0.4079224398720487,72.3021324901112,0.4109426729229072,72.83745310219295,0.3558180421152388,47.37123646722375,0.3596567745323262,47.88229964992023,2.7624251659252574,-97.93510550634524,2.78287799462786,-98.66021109892394,3.0052757299626425,-106.54478511129865,3.0275266095401996,-107.33363625047771
55,AerSim with backend noise,8,2,Test,0.3653726380318403,57.474548649985536,0.37164370343089104,58.46101182715857,0.40239582081480474,79.16646006722661,0.40634969621307215,79.94433673153665,0.38753008473577405,54.356227223449864,0.3936630031758923,55.21645026523318,4.016983775678046,-98.59811336883995,4.056454000030109,-99.56692227439778,6.938426521625717,-170.30583218254176,7.00660236368837,-171.97922938305072
56,AerSim with backend noise,8,3,Train,0.2543341938359663,49.22328640136269,0.31883058049017565,61.705776719517566,0.2648782517376801,72.17059781625844,0.3055086127547684,83.24103272307616,0.2862278604605145,47.24641985254313,0.3578106184377117,59.06228233410682,1.79373889981626,-120.75674740130617,2.0688851550932164,-139.27993762163211,1.9514302316682388,-131.3727251948276,2.2507651687277845,-151.52432774221515
57,AerSim with backend noise,8,3,Test,0.2882903330028057,57.59278976245306,0.3013581193052232,60.2033881177176,0.24579850069754403,76.49539526409156,0.25050269279205695,77.95939538063733,0.2920349133407603,51.51845223602237,0.30073117988935844,53.052577685923296,2.4537247613275808,-111.14512669307256,2.500685147951547,-113.27226752122819,4.238251860474913,-191.97794610621622,4.319365255552672,-195.6520984457578
58,AerSim with backend noise,8,4,Train,0.42469214639626446,70.59750921938046,0.40791793570795565,67.80909529705009,0.4354195395185401,89.87874495283374,0.4221249088921267,87.13448428728164,0.47459283921627304,68.18608001649868,0.4463716873508574,64.13146823088745,2.9486337993047993,-129.2874976877764,2.85860339493282,-125.3399726679465,3.2078543530898362,-140.65343155043806,3.1099091878939467,-136.35887136402968
59,AerSim with backend noise,8,4,Test,0.4044970699818805,71.58800769530357,0.34936090707778933,61.82999373875154,0.36841498480033547,88.52941848636338,0.34999098967026876,84.10216758085431,0.4266137733847852,66.13175305151356,0.3878832042714128,60.12791400096342,3.677764380512107,-116.59581629339041,3.4938437588446405,-110.76499822083079,6.352502111793639,-201.39277359767433,6.034821038004379,-191.32136056325317
